-- --------------------------------------------------------
-- 主机:                           127.0.0.1
-- 服务器版本:                        8.4.0 - MySQL Community Server - GPL
-- 服务器操作系统:                      Win64
-- HeidiSQL 版本:                  12.8.0.6908
-- --------------------------------------------------------

/*!40101 SET @OLD_CHARACTER_SET_CLIENT=@@CHARACTER_SET_CLIENT */;
/*!40101 SET NAMES utf8 */;
/*!50503 SET NAMES utf8mb4 */;
/*!40103 SET @OLD_TIME_ZONE=@@TIME_ZONE */;
/*!40103 SET TIME_ZONE='+00:00' */;
/*!40014 SET @OLD_FOREIGN_KEY_CHECKS=@@FOREIGN_KEY_CHECKS, FOREIGN_KEY_CHECKS=0 */;
/*!40101 SET @OLD_SQL_MODE=@@SQL_MODE, SQL_MODE='NO_AUTO_VALUE_ON_ZERO' */;
/*!40111 SET @OLD_SQL_NOTES=@@SQL_NOTES, SQL_NOTES=0 */;


-- 导出 txing_oj_ad 的数据库结构
CREATE DATABASE IF NOT EXISTS `txing_oj_ad` /*!40100 DEFAULT CHARACTER SET utf8mb4 COLLATE utf8mb4_0900_ai_ci */ /*!80016 DEFAULT ENCRYPTION='N' */;
USE `txing_oj_ad`;

-- 导出  表 txing_oj_ad.gen_table 结构
CREATE TABLE IF NOT EXISTS `gen_table` (
                                           `table_id` bigint NOT NULL AUTO_INCREMENT COMMENT '编号',
                                           `table_name` varchar(200) CHARACTER SET utf8mb4 COLLATE utf8mb4_0900_ai_ci DEFAULT '' COMMENT '表名称',
    `table_comment` varchar(500) CHARACTER SET utf8mb4 COLLATE utf8mb4_0900_ai_ci DEFAULT '' COMMENT '表描述',
    `sub_table_name` varchar(64) CHARACTER SET utf8mb4 COLLATE utf8mb4_0900_ai_ci DEFAULT NULL COMMENT '关联子表的表名',
    `sub_table_fk_name` varchar(64) CHARACTER SET utf8mb4 COLLATE utf8mb4_0900_ai_ci DEFAULT NULL COMMENT '子表关联的外键名',
    `class_name` varchar(100) CHARACTER SET utf8mb4 COLLATE utf8mb4_0900_ai_ci DEFAULT '' COMMENT '实体类名称',
    `tpl_category` varchar(200) CHARACTER SET utf8mb4 COLLATE utf8mb4_0900_ai_ci DEFAULT 'crud' COMMENT '使用的模板（crud单表操作 tree树表操作）',
    `tpl_web_type` varchar(30) CHARACTER SET utf8mb4 COLLATE utf8mb4_0900_ai_ci DEFAULT '' COMMENT '前端模板类型（element-ui模版 element-plus模版）',
    `package_name` varchar(100) CHARACTER SET utf8mb4 COLLATE utf8mb4_0900_ai_ci DEFAULT NULL COMMENT '生成包路径',
    `module_name` varchar(30) CHARACTER SET utf8mb4 COLLATE utf8mb4_0900_ai_ci DEFAULT NULL COMMENT '生成模块名',
    `business_name` varchar(30) CHARACTER SET utf8mb4 COLLATE utf8mb4_0900_ai_ci DEFAULT NULL COMMENT '生成业务名',
    `function_name` varchar(50) CHARACTER SET utf8mb4 COLLATE utf8mb4_0900_ai_ci DEFAULT NULL COMMENT '生成功能名',
    `function_author` varchar(50) CHARACTER SET utf8mb4 COLLATE utf8mb4_0900_ai_ci DEFAULT NULL COMMENT '生成功能作者',
    `gen_type` char(1) CHARACTER SET utf8mb4 COLLATE utf8mb4_0900_ai_ci DEFAULT '0' COMMENT '生成代码方式（0zip压缩包 1自定义路径）',
    `gen_path` varchar(200) CHARACTER SET utf8mb4 COLLATE utf8mb4_0900_ai_ci DEFAULT '/' COMMENT '生成路径（不填默认项目路径）',
    `options` varchar(1000) CHARACTER SET utf8mb4 COLLATE utf8mb4_0900_ai_ci DEFAULT NULL COMMENT '其它生成选项',
    `create_by` varchar(64) CHARACTER SET utf8mb4 COLLATE utf8mb4_0900_ai_ci DEFAULT '' COMMENT '创建者',
    `create_time` datetime DEFAULT NULL COMMENT '创建时间',
    `update_by` varchar(64) CHARACTER SET utf8mb4 COLLATE utf8mb4_0900_ai_ci DEFAULT '' COMMENT '更新者',
    `update_time` datetime DEFAULT NULL COMMENT '更新时间',
    `remark` varchar(500) CHARACTER SET utf8mb4 COLLATE utf8mb4_0900_ai_ci DEFAULT NULL COMMENT '备注',
    PRIMARY KEY (`table_id`) USING BTREE
    ) ENGINE=InnoDB AUTO_INCREMENT=40 DEFAULT CHARSET=utf8mb4 COLLATE=utf8mb4_0900_ai_ci ROW_FORMAT=DYNAMIC COMMENT='代码生成业务表';

-- 正在导出表  txing_oj_ad.gen_table 的数据：~30 rows (大约)
INSERT INTO `gen_table` (`table_id`, `table_name`, `table_comment`, `sub_table_name`, `sub_table_fk_name`, `class_name`, `tpl_category`, `tpl_web_type`, `package_name`, `module_name`, `business_name`, `function_name`, `function_author`, `gen_type`, `gen_path`, `options`, `create_by`, `create_time`, `update_by`, `update_time`, `remark`) VALUES
                                                                                                                                                                                                                                                                                                                                                      (2, 'tx_oj_contact', '', NULL, NULL, 'TxOjContact', 'crud', '', 'com.ruoyi.project.oj', 'oj', 'contact', NULL, 'ruoyi', '0', '/', NULL, 'admin', '2024-04-02 15:20:44', '', NULL, NULL),
                                                                                                                                                                                                                                                                                                                                                      (4, 'tx_oj_course_favour', '', NULL, NULL, 'TxOjCourseFavour', 'crud', '', 'com.ruoyi.project.oj', 'oj', 'favour', NULL, 'ruoyi', '0', '/', NULL, 'admin', '2024-04-02 15:20:44', '', NULL, NULL),
                                                                                                                                                                                                                                                                                                                                                      (6, 'tx_oj_group_member', '', NULL, NULL, 'TxOjGroupMember', 'crud', '', 'com.ruoyi.project.oj', 'oj', 'member', NULL, 'ruoyi', '0', '/', NULL, 'admin', '2024-04-02 15:20:44', '', NULL, NULL),
                                                                                                                                                                                                                                                                                                                                                      (7, 'tx_oj_match_onlinepk', '在线PK比赛', NULL, NULL, 'MatchOnlinepk', 'crud', 'element-plus', 'com.ruoyi.project.oj', 'oj', 'onlinepk', '在线PK', 'lizhiwei', '0', '/', '{"parentMenuId":"2005"}', 'admin', '2024-04-02 15:20:44', '', '2024-04-08 10:52:51', NULL),
                                                                                                                                                                                                                                                                                                                                                      (8, 'tx_oj_match_submit_relate', '', NULL, NULL, 'TxOjMatchSubmitRelate', 'crud', '', 'com.ruoyi.project.oj', 'oj', 'relate', NULL, 'ruoyi', '0', '/', NULL, 'admin', '2024-04-02 15:20:44', '', NULL, NULL),
                                                                                                                                                                                                                                                                                                                                                      (9, 'tx_oj_match_user_relate', '', NULL, NULL, 'TxOjMatchUserRelate', 'crud', '', 'com.ruoyi.project.oj', 'oj', 'relate', NULL, 'ruoyi', '0', '/', NULL, 'admin', '2024-04-02 15:20:44', '', NULL, NULL),
                                                                                                                                                                                                                                                                                                                                                      (10, 'tx_oj_match_week', '周赛', NULL, NULL, 'MatchWeek', 'crud', 'element-plus', 'com.ruoyi.project.oj', 'oj', 'weekMatch', '周赛', 'lizhiwei', '0', '/', '{"parentMenuId":2005}', 'admin', '2024-04-02 15:20:44', '', '2024-04-07 22:32:27', NULL),
                                                                                                                                                                                                                                                                                                                                                      (11, 'tx_oj_match_week_question_relate', '周赛题目关联', NULL, NULL, 'MatchWeekQuestionRelate', 'crud', 'element-plus', 'com.ruoyi.project.oj', 'oj', 'MatchWeekQuestionRelate', '周赛题目关联', 'lizhiwei', '0', '/', '{"parentMenuId":2005}', 'admin', '2024-04-02 15:20:44', '', '2024-04-07 22:34:40', NULL),
                                                                                                                                                                                                                                                                                                                                                      (12, 'tx_oj_message', '', NULL, NULL, 'TxOjMessage', 'crud', '', 'com.ruoyi.project.oj', 'oj', 'message', NULL, 'ruoyi', '0', '/', NULL, 'admin', '2024-04-02 15:20:44', '', NULL, NULL),
                                                                                                                                                                                                                                                                                                                                                      (14, 'tx_oj_post_comment', '', NULL, NULL, 'TxOjPostComment', 'crud', '', 'com.ruoyi.project.oj', 'oj', 'comment', NULL, 'ruoyi', '0', '/', NULL, 'admin', '2024-04-02 15:20:44', '', NULL, NULL),
                                                                                                                                                                                                                                                                                                                                                      (15, 'tx_oj_post_favour', '', NULL, NULL, 'TxOjPostFavour', 'crud', '', 'com.ruoyi.project.oj', 'oj', 'favour', NULL, 'ruoyi', '0', '/', NULL, 'admin', '2024-04-02 15:20:45', '', NULL, NULL),
                                                                                                                                                                                                                                                                                                                                                      (16, 'tx_oj_post_thumb', '', NULL, NULL, 'TxOjPostThumb', 'crud', '', 'com.ruoyi.project.oj', 'oj', 'thumb', NULL, 'ruoyi', '0', '/', NULL, 'admin', '2024-04-02 15:20:45', '', NULL, NULL),
                                                                                                                                                                                                                                                                                                                                                      (17, 'tx_oj_question', '题目', NULL, NULL, 'Question', 'crud', 'element-plus', 'com.ruoyi.project.oj', 'oj', 'question', '题目中心', 'lizhiwei', '0', '/', '{"parentMenuId":"2004"}', 'admin', '2024-04-02 15:20:45', '', '2024-04-02 16:12:37', NULL),
                                                                                                                                                                                                                                                                                                                                                      (18, 'tx_oj_question_comment', '', NULL, NULL, 'TxOjQuestionComment', 'crud', '', 'com.ruoyi.project.oj', 'oj', 'comment', NULL, 'ruoyi', '0', '/', NULL, 'admin', '2024-04-02 15:20:45', '', NULL, NULL),
                                                                                                                                                                                                                                                                                                                                                      (19, 'tx_oj_question_favour', '', NULL, NULL, 'TxOjQuestionFavour', 'crud', '', 'com.ruoyi.project.oj', 'oj', 'favour', NULL, 'ruoyi', '0', '/', NULL, 'admin', '2024-04-02 15:20:45', '', NULL, NULL),
                                                                                                                                                                                                                                                                                                                                                      (20, 'tx_oj_question_submit', '', NULL, NULL, 'TxOjQuestionSubmit', 'crud', '', 'com.ruoyi.project.oj', 'oj', 'submit', NULL, 'ruoyi', '0', '/', NULL, 'admin', '2024-04-02 15:20:45', '', NULL, NULL),
                                                                                                                                                                                                                                                                                                                                                      (22, 'tx_oj_room_friend', '好友房间', '', '', 'RoomFriend', 'crud', 'element-plus', 'com.ruoyi.project.oj', 'oj', 'roomFriend', '好友房间', 'lizhiwei', '0', '/', '{"treeCode":"room_id","treeParentCode":"id","parentMenuId":"2008"}', 'admin', '2024-04-02 15:20:45', '', '2024-04-07 21:13:07', NULL),
                                                                                                                                                                                                                                                                                                                                                      (23, 'tx_oj_room_group', '群聊房间', NULL, NULL, 'RoomGroup', 'crud', 'element-plus', 'com.ruoyi.project.oj', 'oj', 'roomGroup', '群聊房间', 'lizhiwei', '0', '/', '{"parentMenuId":2008}', 'admin', '2024-04-02 15:20:45', '', '2024-04-07 13:51:21', NULL),
                                                                                                                                                                                                                                                                                                                                                      (25, 'tx_oj_topic_comment', '', NULL, NULL, 'TxOjTopicComment', 'crud', '', 'com.ruoyi.project.oj', 'oj', 'comment', NULL, 'ruoyi', '0', '/', NULL, 'admin', '2024-04-02 15:20:45', '', NULL, NULL),
                                                                                                                                                                                                                                                                                                                                                      (26, 'tx_oj_topic_favour', '', NULL, NULL, 'TxOjTopicFavour', 'crud', '', 'com.ruoyi.project.oj', 'oj', 'favour', NULL, 'ruoyi', '0', '/', NULL, 'admin', '2024-04-02 15:20:45', '', NULL, NULL),
                                                                                                                                                                                                                                                                                                                                                      (27, 'tx_oj_topic_thumb', '', NULL, NULL, 'TxOjTopicThumb', 'crud', '', 'com.ruoyi.project.oj', 'oj', 'thumb', NULL, 'ruoyi', '0', '/', NULL, 'admin', '2024-04-02 15:20:45', '', NULL, NULL),
                                                                                                                                                                                                                                                                                                                                                      (28, 'tx_oj_user', '用户', NULL, NULL, 'User', 'crud', 'element-plus', 'com.ruoyi.project.oj', 'oj', 'user', '用户', 'lizhiwei', '0', '/', '{"parentMenuId":""}', 'admin', '2024-04-02 15:20:45', '', '2024-04-06 11:35:20', NULL),
                                                                                                                                                                                                                                                                                                                                                      (29, 'tx_oj_user_apply', '', NULL, NULL, 'TxOjUserApply', 'crud', '', 'com.ruoyi.project.oj', 'oj', 'apply', NULL, 'ruoyi', '0', '/', NULL, 'admin', '2024-04-02 15:20:45', '', NULL, NULL),
                                                                                                                                                                                                                                                                                                                                                      (30, 'tx_oj_user_emoji', '', NULL, NULL, 'TxOjUserEmoji', 'crud', '', 'com.ruoyi.project.oj', 'oj', 'emoji', NULL, 'ruoyi', '0', '/', NULL, 'admin', '2024-04-02 15:20:45', '', NULL, NULL),
                                                                                                                                                                                                                                                                                                                                                      (31, 'tx_oj_user_friend', '', NULL, NULL, 'TxOjUserFriend', 'crud', '', 'com.ruoyi.project.oj', 'oj', 'friend', NULL, 'ruoyi', '0', '/', NULL, 'admin', '2024-04-02 15:20:45', '', NULL, NULL),
                                                                                                                                                                                                                                                                                                                                                      (34, 'tx_oj_course_course', '课程', NULL, NULL, 'Course', 'crud', 'element-plus', 'com.ruoyi.project.oj', 'oj', 'course', '课程', 'lizhiwei', '0', '/', '{"parentMenuId":"2006"}', 'admin', '2024-04-06 10:08:07', '', '2024-04-06 10:15:13', NULL),
                                                                                                                                                                                                                                                                                                                                                      (35, 'tx_oj_course_video', '课程视频', NULL, NULL, 'CourseVideo', 'crud', 'element-plus', 'com.ruoyi.project.oj', 'oj', 'CourseVideo', '课程视频', 'lizhiwei', '0', '/', '{"parentMenuId":2006}', 'admin', '2024-04-06 12:20:32', '', '2024-04-06 13:27:38', NULL),
                                                                                                                                                                                                                                                                                                                                                      (36, 'tx_oj_post', '文章', NULL, NULL, 'Post', 'crud', 'element-plus', 'com.ruoyi.project.oj', 'oj', 'post', '文章', 'lizhiwei', '0', '/', '{"parentMenuId":2009}', 'admin', '2024-04-06 19:15:30', '', '2024-04-06 19:20:52', NULL),
                                                                                                                                                                                                                                                                                                                                                      (37, 'tx_oj_topic', '帖子', NULL, NULL, 'Topic', 'crud', 'element-plus', 'com.ruoyi.project.oj', 'oj', 'forum', '帖子', 'lizhiwei', '0', '/', '{"parentMenuId":2007}', 'admin', '2024-04-06 21:02:14', '', '2024-04-06 21:05:43', NULL),
                                                                                                                                                                                                                                                                                                                                                      (39, 'tx_oj_room', '聊天房间', 'tx_oj_room_friend', 'room_id', 'RoomFriend', 'sub', 'element-plus', 'com.ruoyi.project.oj', 'oj', 'roomFriend', '聊天房间', 'lizhiwei', '0', '/', '{"parentMenuId":2008}', 'admin', '2024-04-07 13:14:26', '', '2024-04-07 21:15:05', NULL);

-- 导出  表 txing_oj_ad.gen_table_column 结构
CREATE TABLE IF NOT EXISTS `gen_table_column` (
                                                  `column_id` bigint NOT NULL AUTO_INCREMENT COMMENT '编号',
                                                  `table_id` bigint DEFAULT NULL COMMENT '归属表编号',
                                                  `column_name` varchar(200) CHARACTER SET utf8mb4 COLLATE utf8mb4_0900_ai_ci DEFAULT NULL COMMENT '列名称',
    `column_comment` varchar(500) CHARACTER SET utf8mb4 COLLATE utf8mb4_0900_ai_ci DEFAULT NULL COMMENT '列描述',
    `column_type` varchar(100) CHARACTER SET utf8mb4 COLLATE utf8mb4_0900_ai_ci DEFAULT NULL COMMENT '列类型',
    `java_type` varchar(500) CHARACTER SET utf8mb4 COLLATE utf8mb4_0900_ai_ci DEFAULT NULL COMMENT 'JAVA类型',
    `java_field` varchar(200) CHARACTER SET utf8mb4 COLLATE utf8mb4_0900_ai_ci DEFAULT NULL COMMENT 'JAVA字段名',
    `is_pk` char(1) CHARACTER SET utf8mb4 COLLATE utf8mb4_0900_ai_ci DEFAULT NULL COMMENT '是否主键（1是）',
    `is_increment` char(1) CHARACTER SET utf8mb4 COLLATE utf8mb4_0900_ai_ci DEFAULT NULL COMMENT '是否自增（1是）',
    `is_required` char(1) CHARACTER SET utf8mb4 COLLATE utf8mb4_0900_ai_ci DEFAULT NULL COMMENT '是否必填（1是）',
    `is_insert` char(1) CHARACTER SET utf8mb4 COLLATE utf8mb4_0900_ai_ci DEFAULT NULL COMMENT '是否为插入字段（1是）',
    `is_edit` char(1) CHARACTER SET utf8mb4 COLLATE utf8mb4_0900_ai_ci DEFAULT NULL COMMENT '是否编辑字段（1是）',
    `is_list` char(1) CHARACTER SET utf8mb4 COLLATE utf8mb4_0900_ai_ci DEFAULT NULL COMMENT '是否列表字段（1是）',
    `is_query` char(1) CHARACTER SET utf8mb4 COLLATE utf8mb4_0900_ai_ci DEFAULT NULL COMMENT '是否查询字段（1是）',
    `query_type` varchar(200) CHARACTER SET utf8mb4 COLLATE utf8mb4_0900_ai_ci DEFAULT 'EQ' COMMENT '查询方式（等于、不等于、大于、小于、范围）',
    `html_type` varchar(200) CHARACTER SET utf8mb4 COLLATE utf8mb4_0900_ai_ci DEFAULT NULL COMMENT '显示类型（文本框、文本域、下拉框、复选框、单选框、日期控件）',
    `dict_type` varchar(200) CHARACTER SET utf8mb4 COLLATE utf8mb4_0900_ai_ci DEFAULT '' COMMENT '字典类型',
    `sort` int DEFAULT NULL COMMENT '排序',
    `create_by` varchar(64) CHARACTER SET utf8mb4 COLLATE utf8mb4_0900_ai_ci DEFAULT '' COMMENT '创建者',
    `create_time` datetime DEFAULT NULL COMMENT '创建时间',
    `update_by` varchar(64) CHARACTER SET utf8mb4 COLLATE utf8mb4_0900_ai_ci DEFAULT '' COMMENT '更新者',
    `update_time` datetime DEFAULT NULL COMMENT '更新时间',
    PRIMARY KEY (`column_id`) USING BTREE
    ) ENGINE=InnoDB AUTO_INCREMENT=397 DEFAULT CHARSET=utf8mb4 COLLATE=utf8mb4_0900_ai_ci ROW_FORMAT=DYNAMIC COMMENT='代码生成业务表字段';

-- 正在导出表  txing_oj_ad.gen_table_column 的数据：~292 rows (大约)
INSERT INTO `gen_table_column` (`column_id`, `table_id`, `column_name`, `column_comment`, `column_type`, `java_type`, `java_field`, `is_pk`, `is_increment`, `is_required`, `is_insert`, `is_edit`, `is_list`, `is_query`, `query_type`, `html_type`, `dict_type`, `sort`, `create_by`, `create_time`, `update_by`, `update_time`) VALUES
                                                                                                                                                                                                                                                                                                                                       (11, 2, 'id', NULL, 'bigint', 'Long', 'id', '1', '1', '0', '1', NULL, NULL, NULL, 'EQ', 'input', '', 1, 'admin', '2024-04-02 15:20:44', '', NULL),
                                                                                                                                                                                                                                                                                                                                       (12, 2, 'user_id', NULL, 'bigint', 'Long', 'userId', '0', '0', '0', '1', '1', '1', '1', 'EQ', 'input', '', 2, 'admin', '2024-04-02 15:20:44', '', NULL),
                                                                                                                                                                                                                                                                                                                                       (13, 2, 'room_id', NULL, 'bigint', 'Long', 'roomId', '0', '0', '0', '1', '1', '1', '1', 'EQ', 'input', '', 3, 'admin', '2024-04-02 15:20:44', '', NULL),
                                                                                                                                                                                                                                                                                                                                       (14, 2, 'read_time', NULL, 'datetime', 'Date', 'readTime', '0', '0', '0', '1', '1', '1', '1', 'EQ', 'datetime', '', 4, 'admin', '2024-04-02 15:20:44', '', NULL),
                                                                                                                                                                                                                                                                                                                                       (15, 2, 'active_time', NULL, 'datetime', 'Date', 'activeTime', '0', '0', '0', '1', '1', '1', '1', 'EQ', 'datetime', '', 5, 'admin', '2024-04-02 15:20:44', '', NULL),
                                                                                                                                                                                                                                                                                                                                       (16, 2, 'msg_id', NULL, 'bigint', 'Long', 'msgId', '0', '0', '0', '1', '1', '1', '1', 'EQ', 'input', '', 6, 'admin', '2024-04-02 15:20:44', '', NULL),
                                                                                                                                                                                                                                                                                                                                       (17, 2, 'create_time', NULL, 'datetime', 'Date', 'createTime', '0', '0', '0', '1', NULL, NULL, NULL, 'EQ', 'datetime', '', 7, 'admin', '2024-04-02 15:20:44', '', NULL),
                                                                                                                                                                                                                                                                                                                                       (18, 2, 'update_time', NULL, 'datetime', 'Date', 'updateTime', '0', '0', '0', '1', '1', NULL, NULL, 'EQ', 'datetime', '', 8, 'admin', '2024-04-02 15:20:44', '', NULL),
                                                                                                                                                                                                                                                                                                                                       (19, 2, 'is_delete', NULL, 'int', 'Long', 'isDelete', '0', '0', '0', '1', '1', '1', '1', 'EQ', 'input', '', 9, 'admin', '2024-04-02 15:20:44', '', NULL),
                                                                                                                                                                                                                                                                                                                                       (20, 2, 'status', NULL, 'int', 'Long', 'status', '0', '0', '0', '1', '1', '1', '1', 'EQ', 'radio', '', 10, 'admin', '2024-04-02 15:20:44', '', NULL),
                                                                                                                                                                                                                                                                                                                                       (32, 4, 'id', NULL, 'bigint', 'Long', 'id', '1', '1', '0', '1', NULL, NULL, NULL, 'EQ', 'input', '', 1, 'admin', '2024-04-02 15:20:44', '', NULL),
                                                                                                                                                                                                                                                                                                                                       (33, 4, 'course_id', NULL, 'bigint', 'Long', 'courseId', '0', '0', '0', '1', '1', '1', '1', 'EQ', 'input', '', 2, 'admin', '2024-04-02 15:20:44', '', NULL),
                                                                                                                                                                                                                                                                                                                                       (34, 4, 'user_id', NULL, 'bigint', 'Long', 'userId', '0', '0', '0', '1', '1', '1', '1', 'EQ', 'input', '', 3, 'admin', '2024-04-02 15:20:44', '', NULL),
                                                                                                                                                                                                                                                                                                                                       (35, 4, 'create_time', NULL, 'datetime', 'Date', 'createTime', '0', '0', '0', '1', NULL, NULL, NULL, 'EQ', 'datetime', '', 4, 'admin', '2024-04-02 15:20:44', '', NULL),
                                                                                                                                                                                                                                                                                                                                       (36, 4, 'update_time', NULL, 'datetime', 'Date', 'updateTime', '0', '0', '0', '1', '1', NULL, NULL, 'EQ', 'datetime', '', 5, 'admin', '2024-04-02 15:20:44', '', NULL),
                                                                                                                                                                                                                                                                                                                                       (48, 6, 'id', NULL, 'bigint', 'Long', 'id', '1', '1', '0', '1', NULL, NULL, NULL, 'EQ', 'input', '', 1, 'admin', '2024-04-02 15:20:44', '', NULL),
                                                                                                                                                                                                                                                                                                                                       (49, 6, 'group_id', NULL, 'bigint', 'Long', 'groupId', '0', '0', '0', '1', '1', '1', '1', 'EQ', 'input', '', 2, 'admin', '2024-04-02 15:20:44', '', NULL),
                                                                                                                                                                                                                                                                                                                                       (50, 6, 'user_id', NULL, 'bigint', 'Long', 'userId', '0', '0', '0', '1', '1', '1', '1', 'EQ', 'input', '', 3, 'admin', '2024-04-02 15:20:44', '', NULL),
                                                                                                                                                                                                                                                                                                                                       (51, 6, 'role', NULL, 'int', 'Long', 'role', '0', '0', '0', '1', '1', '1', '1', 'EQ', 'input', '', 4, 'admin', '2024-04-02 15:20:44', '', NULL),
                                                                                                                                                                                                                                                                                                                                       (52, 6, 'create_time', NULL, 'datetime', 'Date', 'createTime', '0', '0', '0', '1', NULL, NULL, NULL, 'EQ', 'datetime', '', 5, 'admin', '2024-04-02 15:20:44', '', NULL),
                                                                                                                                                                                                                                                                                                                                       (53, 6, 'update_time', NULL, 'datetime', 'Date', 'updateTime', '0', '0', '0', '1', '1', NULL, NULL, 'EQ', 'datetime', '', 6, 'admin', '2024-04-02 15:20:44', '', NULL),
                                                                                                                                                                                                                                                                                                                                       (54, 6, 'is_delete', NULL, 'int', 'Long', 'isDelete', '0', '0', '0', '1', '1', '1', '1', 'EQ', 'input', '', 7, 'admin', '2024-04-02 15:20:44', '', NULL),
                                                                                                                                                                                                                                                                                                                                       (55, 7, 'id', 'id', 'bigint', 'Long', 'id', '1', '1', '0', '0', NULL, NULL, NULL, 'EQ', 'input', '', 1, 'admin', '2024-04-02 15:20:44', '', '2024-04-08 10:52:51'),
                                                                                                                                                                                                                                                                                                                                       (56, 7, 'user_id1', '用户ID1', 'bigint', 'Long', 'userId1', '0', '0', '0', '0', '0', '1', '1', 'EQ', 'input', '', 2, 'admin', '2024-04-02 15:20:44', '', '2024-04-08 10:52:51'),
                                                                                                                                                                                                                                                                                                                                       (57, 7, 'user_id2', '用户ID2', 'bigint', 'Long', 'userId2', '0', '0', '0', '0', '0', '1', '1', 'EQ', 'input', '', 3, 'admin', '2024-04-02 15:20:44', '', '2024-04-08 10:52:51'),
                                                                                                                                                                                                                                                                                                                                       (58, 7, 'start_time', '开始时间', 'datetime', 'Date', 'startTime', '0', '0', '0', '0', '0', '1', '1', 'BETWEEN', 'datetime', '', 4, 'admin', '2024-04-02 15:20:44', '', '2024-04-08 10:52:51'),
                                                                                                                                                                                                                                                                                                                                       (59, 7, 'end_time', '结束时间', 'datetime', 'Date', 'endTime', '0', '0', '0', '0', '0', '1', '1', 'BETWEEN', 'datetime', '', 5, 'admin', '2024-04-02 15:20:44', '', '2024-04-08 10:52:51'),
                                                                                                                                                                                                                                                                                                                                       (60, 7, 'submit_time1', '提交时间1', 'datetime', 'Date', 'submitTime1', '0', '0', '0', '0', '0', '1', '0', 'EQ', 'datetime', '', 6, 'admin', '2024-04-02 15:20:44', '', '2024-04-08 10:52:51'),
                                                                                                                                                                                                                                                                                                                                       (61, 7, 'submit_time2', '提交时间2', 'datetime', 'Date', 'submitTime2', '0', '0', '0', '0', '0', '1', '0', 'EQ', 'datetime', '', 7, 'admin', '2024-04-02 15:20:44', '', '2024-04-08 10:52:51'),
                                                                                                                                                                                                                                                                                                                                       (62, 7, 'submit_id1', '提交ID1', 'bigint', 'Long', 'submitId1', '0', '0', '0', '0', '0', '1', '0', 'EQ', 'input', '', 8, 'admin', '2024-04-02 15:20:44', '', '2024-04-08 10:52:51'),
                                                                                                                                                                                                                                                                                                                                       (63, 7, 'submit_id2', '提交ID2', 'bigint', 'Long', 'submitId2', '0', '0', '0', '0', '0', '1', '0', 'EQ', 'input', '', 9, 'admin', '2024-04-02 15:20:44', '', '2024-04-08 10:52:51'),
                                                                                                                                                                                                                                                                                                                                       (64, 7, 'winner_id', '赢家id', 'bigint', 'Long', 'winnerId', '0', '0', '0', '0', '0', '1', '1', 'EQ', 'input', '', 10, 'admin', '2024-04-02 15:20:44', '', '2024-04-08 10:52:51'),
                                                                                                                                                                                                                                                                                                                                       (65, 7, 'question_id', '竞赛题目', 'bigint', 'Long', 'questionId', '0', '0', '0', '0', '0', '1', '0', 'EQ', 'input', '', 11, 'admin', '2024-04-02 15:20:44', '', '2024-04-08 10:52:51'),
                                                                                                                                                                                                                                                                                                                                       (66, 7, 'status', '状态', 'int', 'Long', 'status', '0', '0', '0', '1', '1', '1', '1', 'EQ', 'radio', '', 12, 'admin', '2024-04-02 15:20:44', '', '2024-04-08 10:52:51'),
                                                                                                                                                                                                                                                                                                                                       (67, 7, 'score1', '分数1', 'double', 'Long', 'score1', '0', '0', '0', '0', '0', '1', '0', 'EQ', 'input', '', 13, 'admin', '2024-04-02 15:20:44', '', '2024-04-08 10:52:51'),
                                                                                                                                                                                                                                                                                                                                       (68, 7, 'score2', '分数2', 'double', 'Long', 'score2', '0', '0', '0', '0', '0', '1', '0', 'EQ', 'input', '', 14, 'admin', '2024-04-02 15:20:44', '', '2024-04-08 10:52:51'),
                                                                                                                                                                                                                                                                                                                                       (69, 7, 'create_time', '创建时间', 'datetime', 'Date', 'createTime', '0', '0', '0', '0', NULL, '1', NULL, 'EQ', 'datetime', '', 15, 'admin', '2024-04-02 15:20:44', '', '2024-04-08 10:52:51'),
                                                                                                                                                                                                                                                                                                                                       (70, 7, 'update_time', '更新时间', 'datetime', 'Date', 'updateTime', '0', '0', '0', '0', '0', '1', NULL, 'EQ', 'datetime', '', 16, 'admin', '2024-04-02 15:20:44', '', '2024-04-08 10:52:51'),
                                                                                                                                                                                                                                                                                                                                       (71, 7, 'is_delete', '是否删除', 'int', 'Long', 'isDelete', '0', '0', '0', '0', '0', '0', '0', 'EQ', 'input', '', 17, 'admin', '2024-04-02 15:20:44', '', '2024-04-08 10:52:51'),
                                                                                                                                                                                                                                                                                                                                       (72, 8, 'id', NULL, 'bigint', 'Long', 'id', '1', '1', '0', '1', NULL, NULL, NULL, 'EQ', 'input', '', 1, 'admin', '2024-04-02 15:20:44', '', NULL),
                                                                                                                                                                                                                                                                                                                                       (73, 8, 'match_id', NULL, 'bigint', 'Long', 'matchId', '0', '0', '0', '1', '1', '1', '1', 'EQ', 'input', '', 2, 'admin', '2024-04-02 15:20:44', '', NULL),
                                                                                                                                                                                                                                                                                                                                       (74, 8, 'join_record_id', NULL, 'bigint', 'Long', 'joinRecordId', '0', '0', '0', '1', '1', '1', '1', 'EQ', 'input', '', 3, 'admin', '2024-04-02 15:20:44', '', NULL),
                                                                                                                                                                                                                                                                                                                                       (75, 8, 'user_id', NULL, 'bigint', 'Long', 'userId', '0', '0', '0', '1', '1', '1', '1', 'EQ', 'input', '', 4, 'admin', '2024-04-02 15:20:44', '', NULL),
                                                                                                                                                                                                                                                                                                                                       (76, 8, 'match_type', NULL, 'int', 'Long', 'matchType', '0', '0', '0', '1', '1', '1', '1', 'EQ', 'select', '', 5, 'admin', '2024-04-02 15:20:44', '', NULL),
                                                                                                                                                                                                                                                                                                                                       (77, 8, 'submit_id', NULL, 'bigint', 'Long', 'submitId', '0', '0', '0', '1', '1', '1', '1', 'EQ', 'input', '', 6, 'admin', '2024-04-02 15:20:44', '', NULL),
                                                                                                                                                                                                                                                                                                                                       (78, 8, 'question_id', NULL, 'bigint', 'Long', 'questionId', '0', '0', '0', '1', '1', '1', '1', 'EQ', 'input', '', 7, 'admin', '2024-04-02 15:20:44', '', NULL),
                                                                                                                                                                                                                                                                                                                                       (79, 8, 'create_time', NULL, 'datetime', 'Date', 'createTime', '0', '0', '0', '1', NULL, NULL, NULL, 'EQ', 'datetime', '', 8, 'admin', '2024-04-02 15:20:44', '', NULL),
                                                                                                                                                                                                                                                                                                                                       (80, 8, 'update_time', NULL, 'datetime', 'Date', 'updateTime', '0', '0', '0', '1', '1', NULL, NULL, 'EQ', 'datetime', '', 9, 'admin', '2024-04-02 15:20:44', '', NULL),
                                                                                                                                                                                                                                                                                                                                       (81, 8, 'is_delete', NULL, 'int', 'Long', 'isDelete', '0', '0', '0', '1', '1', '1', '1', 'EQ', 'input', '', 10, 'admin', '2024-04-02 15:20:44', '', NULL),
                                                                                                                                                                                                                                                                                                                                       (82, 9, 'id', NULL, 'bigint', 'Long', 'id', '1', '1', '0', '1', NULL, NULL, NULL, 'EQ', 'input', '', 1, 'admin', '2024-04-02 15:20:44', '', NULL),
                                                                                                                                                                                                                                                                                                                                       (83, 9, 'match_id', NULL, 'bigint', 'Long', 'matchId', '0', '0', '0', '1', '1', '1', '1', 'EQ', 'input', '', 2, 'admin', '2024-04-02 15:20:44', '', NULL),
                                                                                                                                                                                                                                                                                                                                       (84, 9, 'user_id', NULL, 'bigint', 'Long', 'userId', '0', '0', '0', '1', '1', '1', '1', 'EQ', 'input', '', 3, 'admin', '2024-04-02 15:20:44', '', NULL),
                                                                                                                                                                                                                                                                                                                                       (85, 9, 'join_type', NULL, 'int', 'Long', 'joinType', '0', '0', '0', '1', '1', '1', '1', 'EQ', 'select', '', 4, 'admin', '2024-04-02 15:20:44', '', NULL),
                                                                                                                                                                                                                                                                                                                                       (86, 9, 'grade_rank', NULL, 'int', 'Long', 'gradeRank', '0', '0', '0', '1', '1', '1', '1', 'EQ', 'input', '', 5, 'admin', '2024-04-02 15:20:44', '', NULL),
                                                                                                                                                                                                                                                                                                                                       (87, 9, 'score', NULL, 'int', 'Long', 'score', '0', '0', '0', '1', '1', '1', '1', 'EQ', 'input', '', 6, 'admin', '2024-04-02 15:20:44', '', NULL),
                                                                                                                                                                                                                                                                                                                                       (88, 9, 'judge_status', NULL, 'int', 'Long', 'judgeStatus', '0', '0', '0', '1', '1', '1', '1', 'EQ', 'radio', '', 7, 'admin', '2024-04-02 15:20:44', '', NULL),
                                                                                                                                                                                                                                                                                                                                       (89, 9, 'ac_count', NULL, 'int', 'Long', 'acCount', '0', '0', '0', '1', '1', '1', '1', 'EQ', 'input', '', 8, 'admin', '2024-04-02 15:20:44', '', NULL),
                                                                                                                                                                                                                                                                                                                                       (90, 9, 'un_ac_rate_sum', NULL, 'int', 'Long', 'unAcRateSum', '0', '0', '0', '1', '1', '1', '1', 'EQ', 'input', '', 9, 'admin', '2024-04-02 15:20:44', '', NULL),
                                                                                                                                                                                                                                                                                                                                       (91, 9, 'start_time', NULL, 'datetime', 'Date', 'startTime', '0', '0', '0', '1', '1', '1', '1', 'EQ', 'datetime', '', 10, 'admin', '2024-04-02 15:20:44', '', NULL),
                                                                                                                                                                                                                                                                                                                                       (92, 9, 'end_time', NULL, 'datetime', 'Date', 'endTime', '0', '0', '0', '1', '1', '1', '1', 'EQ', 'datetime', '', 11, 'admin', '2024-04-02 15:20:44', '', NULL),
                                                                                                                                                                                                                                                                                                                                       (93, 9, 'create_time', NULL, 'datetime', 'Date', 'createTime', '0', '0', '0', '1', NULL, NULL, NULL, 'EQ', 'datetime', '', 12, 'admin', '2024-04-02 15:20:44', '', NULL),
                                                                                                                                                                                                                                                                                                                                       (94, 9, 'update_time', NULL, 'datetime', 'Date', 'updateTime', '0', '0', '0', '1', '1', NULL, NULL, 'EQ', 'datetime', '', 13, 'admin', '2024-04-02 15:20:44', '', NULL),
                                                                                                                                                                                                                                                                                                                                       (95, 9, 'is_delete', NULL, 'int', 'Long', 'isDelete', '0', '0', '0', '1', '1', '1', '1', 'EQ', 'input', '', 14, 'admin', '2024-04-02 15:20:44', '', NULL),
                                                                                                                                                                                                                                                                                                                                       (96, 9, 'status', NULL, 'int', 'Long', 'status', '0', '0', '0', '1', '1', '1', '1', 'EQ', 'radio', '', 15, 'admin', '2024-04-02 15:20:44', '', NULL),
                                                                                                                                                                                                                                                                                                                                       (97, 9, 'ac_score', NULL, 'int', 'Long', 'acScore', '0', '0', '0', '1', '1', '1', '1', 'EQ', 'input', '', 16, 'admin', '2024-04-02 15:20:44', '', NULL),
                                                                                                                                                                                                                                                                                                                                       (98, 10, 'id', 'id', 'bigint', 'Long', 'id', '1', '1', '0', '1', NULL, NULL, NULL, 'EQ', 'input', '', 1, 'admin', '2024-04-02 15:20:44', '', '2024-04-07 22:32:27'),
                                                                                                                                                                                                                                                                                                                                       (99, 10, 'name', '名称', 'varchar(255)', 'String', 'name', '0', '0', '0', '1', '1', '1', '1', 'LIKE', 'input', '', 2, 'admin', '2024-04-02 15:20:44', '', '2024-04-07 22:32:27'),
                                                                                                                                                                                                                                                                                                                                       (100, 10, 'session_no', '场次', 'int', 'Long', 'sessionNo', '0', '0', '0', '1', '1', '1', '1', 'EQ', 'input', '', 3, 'admin', '2024-04-02 15:20:44', '', '2024-04-07 22:32:27'),
                                                                                                                                                                                                                                                                                                                                       (101, 10, 'start_time', '开始时间', 'datetime', 'Date', 'startTime', '0', '0', '0', '1', '1', '1', '1', 'EQ', 'datetime', '', 4, 'admin', '2024-04-02 15:20:44', '', '2024-04-07 22:32:27'),
                                                                                                                                                                                                                                                                                                                                       (102, 10, 'end_time', '结束时间', 'datetime', 'Date', 'endTime', '0', '0', '0', '1', '1', '1', '1', 'EQ', 'datetime', '', 5, 'admin', '2024-04-02 15:20:44', '', '2024-04-07 22:32:27'),
                                                                                                                                                                                                                                                                                                                                       (103, 10, 'status', '状态', 'int', 'Long', 'status', '0', '0', '0', '1', '1', '1', '1', 'EQ', 'radio', '', 6, 'admin', '2024-04-02 15:20:44', '', '2024-04-07 22:32:27'),
                                                                                                                                                                                                                                                                                                                                       (104, 10, 'join_count', '参与人数', 'int', 'Long', 'joinCount', '0', '0', '0', '0', '0', '1', '0', 'EQ', 'input', '', 7, 'admin', '2024-04-02 15:20:44', '', '2024-04-07 22:32:27'),
                                                                                                                                                                                                                                                                                                                                       (105, 10, 'create_time', '创建时间', 'datetime', 'Date', 'createTime', '0', '0', '0', '0', NULL, '1', NULL, 'EQ', 'datetime', '', 8, 'admin', '2024-04-02 15:20:44', '', '2024-04-07 22:32:27'),
                                                                                                                                                                                                                                                                                                                                       (106, 10, 'update_time', '修改时间', 'datetime', 'Date', 'updateTime', '0', '0', '0', '0', '0', '1', NULL, 'EQ', 'datetime', '', 9, 'admin', '2024-04-02 15:20:44', '', '2024-04-07 22:32:27'),
                                                                                                                                                                                                                                                                                                                                       (107, 10, 'is_delete', '是否删除', 'int', 'Long', 'isDelete', '0', '0', '0', '0', '0', '0', '0', 'EQ', 'input', '', 10, 'admin', '2024-04-02 15:20:44', '', '2024-04-07 22:32:27'),
                                                                                                                                                                                                                                                                                                                                       (108, 11, 'id', 'id', 'bigint', 'Long', 'id', '1', '1', '0', '1', NULL, NULL, NULL, 'EQ', 'input', '', 1, 'admin', '2024-04-02 15:20:44', '', '2024-04-07 22:34:40'),
                                                                                                                                                                                                                                                                                                                                       (109, 11, 'match_id', '比赛id', 'bigint', 'Long', 'matchId', '0', '0', '0', '1', '1', '1', '1', 'EQ', 'input', '', 2, 'admin', '2024-04-02 15:20:44', '', '2024-04-07 22:34:40'),
                                                                                                                                                                                                                                                                                                                                       (110, 11, 'question_id', '题目id', 'bigint', 'Long', 'questionId', '0', '0', '0', '1', '1', '1', '1', 'EQ', 'input', '', 3, 'admin', '2024-04-02 15:20:44', '', '2024-04-07 22:34:40'),
                                                                                                                                                                                                                                                                                                                                       (111, 11, 'question_order', '题目序号', 'int', 'Long', 'questionOrder', '0', '0', '0', '1', '1', '1', '1', 'EQ', 'input', '', 4, 'admin', '2024-04-02 15:20:44', '', '2024-04-07 22:34:40'),
                                                                                                                                                                                                                                                                                                                                       (112, 11, 'create_time', '创建时间', 'datetime', 'Date', 'createTime', '0', '0', '0', '1', NULL, NULL, NULL, 'EQ', 'datetime', '', 5, 'admin', '2024-04-02 15:20:44', '', '2024-04-07 22:34:40'),
                                                                                                                                                                                                                                                                                                                                       (113, 11, 'update_time', '更新时间', 'datetime', 'Date', 'updateTime', '0', '0', '0', '1', '1', NULL, NULL, 'EQ', 'datetime', '', 6, 'admin', '2024-04-02 15:20:44', '', '2024-04-07 22:34:40'),
                                                                                                                                                                                                                                                                                                                                       (114, 11, 'is_delete', '是否删除', 'int', 'Long', 'isDelete', '0', '0', '0', '1', '1', '1', '1', 'EQ', 'input', '', 7, 'admin', '2024-04-02 15:20:44', '', '2024-04-07 22:34:40'),
                                                                                                                                                                                                                                                                                                                                       (115, 12, 'id', NULL, 'bigint', 'Long', 'id', '1', '1', '0', '1', NULL, NULL, NULL, 'EQ', 'input', '', 1, 'admin', '2024-04-02 15:20:44', '', NULL),
                                                                                                                                                                                                                                                                                                                                       (116, 12, 'room_id', NULL, 'bigint', 'Long', 'roomId', '0', '0', '0', '1', '1', '1', '1', 'EQ', 'input', '', 2, 'admin', '2024-04-02 15:20:44', '', NULL),
                                                                                                                                                                                                                                                                                                                                       (117, 12, 'from_user_id', NULL, 'bigint', 'Long', 'fromUserId', '0', '0', '0', '1', '1', '1', '1', 'EQ', 'input', '', 3, 'admin', '2024-04-02 15:20:44', '', NULL),
                                                                                                                                                                                                                                                                                                                                       (118, 12, 'content', NULL, 'varchar(255)', 'String', 'content', '0', '0', '0', '1', '1', '1', '1', 'EQ', 'editor', '', 4, 'admin', '2024-04-02 15:20:44', '', NULL),
                                                                                                                                                                                                                                                                                                                                       (119, 12, 'type', NULL, 'int', 'Long', 'type', '0', '0', '0', '1', '1', '1', '1', 'EQ', 'select', '', 5, 'admin', '2024-04-02 15:20:44', '', NULL),
                                                                                                                                                                                                                                                                                                                                       (120, 12, 'extra', NULL, 'json', 'String', 'extra', '0', '0', '0', '1', '1', '1', '1', 'EQ', NULL, '', 6, 'admin', '2024-04-02 15:20:44', '', NULL),
                                                                                                                                                                                                                                                                                                                                       (121, 12, 'create_time', NULL, 'datetime', 'Date', 'createTime', '0', '0', '0', '1', NULL, NULL, NULL, 'EQ', 'datetime', '', 7, 'admin', '2024-04-02 15:20:44', '', NULL),
                                                                                                                                                                                                                                                                                                                                       (122, 12, 'update_time', NULL, 'datetime', 'Date', 'updateTime', '0', '0', '0', '1', '1', NULL, NULL, 'EQ', 'datetime', '', 8, 'admin', '2024-04-02 15:20:44', '', NULL),
                                                                                                                                                                                                                                                                                                                                       (123, 12, 'is_delete', NULL, 'int', 'Long', 'isDelete', '0', '0', '0', '1', '1', '1', '1', 'EQ', 'input', '', 9, 'admin', '2024-04-02 15:20:44', '', NULL),
                                                                                                                                                                                                                                                                                                                                       (137, 14, 'id', NULL, 'bigint', 'Long', 'id', '1', '1', '0', '1', NULL, NULL, NULL, 'EQ', 'input', '', 1, 'admin', '2024-04-02 15:20:45', '', NULL),
                                                                                                                                                                                                                                                                                                                                       (138, 14, 'content', NULL, 'varchar(255)', 'String', 'content', '0', '0', '0', '1', '1', '1', '1', 'EQ', 'editor', '', 2, 'admin', '2024-04-02 15:20:45', '', NULL),
                                                                                                                                                                                                                                                                                                                                       (139, 14, 'user_id', NULL, 'bigint', 'Long', 'userId', '0', '0', '0', '1', '1', '1', '1', 'EQ', 'input', '', 3, 'admin', '2024-04-02 15:20:45', '', NULL),
                                                                                                                                                                                                                                                                                                                                       (140, 14, 'post_id', NULL, 'bigint', 'Long', 'postId', '0', '0', '0', '1', '1', '1', '1', 'EQ', 'input', '', 4, 'admin', '2024-04-02 15:20:45', '', NULL),
                                                                                                                                                                                                                                                                                                                                       (141, 14, 'favour_num', NULL, 'int', 'Long', 'favourNum', '0', '0', '0', '1', '1', '1', '1', 'EQ', 'input', '', 5, 'admin', '2024-04-02 15:20:45', '', NULL),
                                                                                                                                                                                                                                                                                                                                       (142, 14, 'create_time', NULL, 'datetime', 'Date', 'createTime', '0', '0', '0', '1', NULL, NULL, NULL, 'EQ', 'datetime', '', 6, 'admin', '2024-04-02 15:20:45', '', NULL),
                                                                                                                                                                                                                                                                                                                                       (143, 14, 'update_time', NULL, 'datetime', 'Date', 'updateTime', '0', '0', '0', '1', '1', NULL, NULL, 'EQ', 'datetime', '', 7, 'admin', '2024-04-02 15:20:45', '', NULL),
                                                                                                                                                                                                                                                                                                                                       (144, 14, 'is_delete', NULL, 'int', 'Long', 'isDelete', '0', '0', '0', '1', '1', '1', '1', 'EQ', 'input', '', 8, 'admin', '2024-04-02 15:20:45', '', NULL),
                                                                                                                                                                                                                                                                                                                                       (145, 15, 'id', NULL, 'bigint', 'Long', 'id', '1', '1', '0', '1', NULL, NULL, NULL, 'EQ', 'input', '', 1, 'admin', '2024-04-02 15:20:45', '', NULL),
                                                                                                                                                                                                                                                                                                                                       (146, 15, 'post_id', NULL, 'bigint', 'Long', 'postId', '0', '0', '0', '1', '1', '1', '1', 'EQ', 'input', '', 2, 'admin', '2024-04-02 15:20:45', '', NULL),
                                                                                                                                                                                                                                                                                                                                       (147, 15, 'user_id', NULL, 'bigint', 'Long', 'userId', '0', '0', '0', '1', '1', '1', '1', 'EQ', 'input', '', 3, 'admin', '2024-04-02 15:20:45', '', NULL),
                                                                                                                                                                                                                                                                                                                                       (148, 15, 'create_time', NULL, 'datetime', 'Date', 'createTime', '0', '0', '0', '1', NULL, NULL, NULL, 'EQ', 'datetime', '', 4, 'admin', '2024-04-02 15:20:45', '', NULL),
                                                                                                                                                                                                                                                                                                                                       (149, 15, 'update_time', NULL, 'datetime', 'Date', 'updateTime', '0', '0', '0', '1', '1', NULL, NULL, 'EQ', 'datetime', '', 5, 'admin', '2024-04-02 15:20:45', '', NULL),
                                                                                                                                                                                                                                                                                                                                       (150, 16, 'id', NULL, 'bigint', 'Long', 'id', '1', '1', '0', '1', NULL, NULL, NULL, 'EQ', 'input', '', 1, 'admin', '2024-04-02 15:20:45', '', NULL),
                                                                                                                                                                                                                                                                                                                                       (151, 16, 'post_id', NULL, 'bigint', 'Long', 'postId', '0', '0', '0', '1', '1', '1', '1', 'EQ', 'input', '', 2, 'admin', '2024-04-02 15:20:45', '', NULL),
                                                                                                                                                                                                                                                                                                                                       (152, 16, 'user_id', NULL, 'bigint', 'Long', 'userId', '0', '0', '0', '1', '1', '1', '1', 'EQ', 'input', '', 3, 'admin', '2024-04-02 15:20:45', '', NULL),
                                                                                                                                                                                                                                                                                                                                       (153, 16, 'create_time', NULL, 'datetime', 'Date', 'createTime', '0', '0', '0', '1', NULL, NULL, NULL, 'EQ', 'datetime', '', 4, 'admin', '2024-04-02 15:20:45', '', NULL),
                                                                                                                                                                                                                                                                                                                                       (154, 16, 'update_time', NULL, 'datetime', 'Date', 'updateTime', '0', '0', '0', '1', '1', NULL, NULL, 'EQ', 'datetime', '', 5, 'admin', '2024-04-02 15:20:45', '', NULL),
                                                                                                                                                                                                                                                                                                                                       (155, 17, 'id', 'id', 'bigint', 'Long', 'id', '1', '1', '0', '0', NULL, NULL, NULL, 'EQ', 'input', '', 1, 'admin', '2024-04-02 15:20:45', '', '2024-04-02 16:12:37'),
                                                                                                                                                                                                                                                                                                                                       (156, 17, 'title', '名称', 'varchar(255)', 'String', 'title', '0', '0', '0', '1', '1', '1', '1', 'EQ', 'input', '', 2, 'admin', '2024-04-02 15:20:45', '', '2024-04-02 16:12:37'),
                                                                                                                                                                                                                                                                                                                                       (157, 17, 'content', '内容', 'varchar(5000)', 'String', 'content', '0', '0', '0', '1', '1', '1', '0', 'EQ', 'editor', '', 3, 'admin', '2024-04-02 15:20:45', '', '2024-04-02 16:12:37'),
                                                                                                                                                                                                                                                                                                                                       (158, 17, 'tags', '标签', 'varchar(255)', 'String', 'tags', '0', '0', '0', '1', '1', '1', '1', 'EQ', 'input', '', 4, 'admin', '2024-04-02 15:20:45', '', '2024-04-02 16:12:37'),
                                                                                                                                                                                                                                                                                                                                       (159, 17, 'answer', '答案', 'varchar(5000)', 'String', 'answer', '0', '0', '0', '1', '1', '1', '0', 'EQ', 'editor', '', 5, 'admin', '2024-04-02 15:20:45', '', '2024-04-02 16:12:37'),
                                                                                                                                                                                                                                                                                                                                       (160, 17, 'submit_num', '提交数', 'int', 'Long', 'submitNum', '0', '0', '0', '0', '0', '1', '0', 'EQ', 'input', '', 6, 'admin', '2024-04-02 15:20:45', '', '2024-04-02 16:12:37'),
                                                                                                                                                                                                                                                                                                                                       (161, 17, 'accepted_num', '通过数', 'int', 'Long', 'acceptedNum', '0', '0', '0', '0', '0', '1', '0', 'EQ', 'input', '', 7, 'admin', '2024-04-02 15:20:45', '', '2024-04-02 16:12:37'),
                                                                                                                                                                                                                                                                                                                                       (162, 17, 'judge_case', '判题用例', 'varchar(255)', 'String', 'judgeCase', '0', '0', '0', '1', '1', '1', '0', 'EQ', 'input', '', 8, 'admin', '2024-04-02 15:20:45', '', '2024-04-02 16:12:37'),
                                                                                                                                                                                                                                                                                                                                       (163, 17, 'judge_config', '判题配置', 'varchar(255)', 'String', 'judgeConfig', '0', '0', '0', '1', '1', '1', '0', 'EQ', 'input', '', 9, 'admin', '2024-04-02 15:20:45', '', '2024-04-02 16:12:37'),
                                                                                                                                                                                                                                                                                                                                       (164, 17, 'thumb_num', '点赞数', 'int', 'Long', 'thumbNum', '0', '0', '0', '0', '0', '1', '0', 'EQ', 'input', '', 10, 'admin', '2024-04-02 15:20:45', '', '2024-04-02 16:12:37'),
                                                                                                                                                                                                                                                                                                                                       (165, 17, 'favour_num', '收藏数', 'int', 'Long', 'favourNum', '0', '0', '0', '0', '0', '1', '0', 'EQ', 'input', '', 11, 'admin', '2024-04-02 15:20:45', '', '2024-04-02 16:12:37'),
                                                                                                                                                                                                                                                                                                                                       (166, 17, 'user_id', '用户id', 'bigint', 'Long', 'userId', '0', '0', '0', '0', '0', '1', '1', 'EQ', 'input', '', 12, 'admin', '2024-04-02 15:20:45', '', '2024-04-02 16:12:37'),
                                                                                                                                                                                                                                                                                                                                       (167, 17, 'create_time', '创建时间', 'datetime', 'Date', 'createTime', '0', '0', '0', '0', NULL, '1', NULL, 'EQ', 'datetime', '', 13, 'admin', '2024-04-02 15:20:45', '', '2024-04-02 16:12:37'),
                                                                                                                                                                                                                                                                                                                                       (168, 17, 'update_time', '更新时间', 'datetime', 'Date', 'updateTime', '0', '0', '0', '0', '0', '1', NULL, 'EQ', 'datetime', '', 14, 'admin', '2024-04-02 15:20:45', '', '2024-04-02 16:12:37'),
                                                                                                                                                                                                                                                                                                                                       (169, 17, 'is_delete', '是否删除', 'int', 'Long', 'isDelete', '0', '0', '0', '0', '0', '0', '0', 'EQ', 'input', '', 15, 'admin', '2024-04-02 15:20:45', '', '2024-04-02 16:12:37'),
                                                                                                                                                                                                                                                                                                                                       (170, 18, 'id', NULL, 'bigint', 'Long', 'id', '1', '1', '0', '1', NULL, NULL, NULL, 'EQ', 'input', '', 1, 'admin', '2024-04-02 15:20:45', '', NULL),
                                                                                                                                                                                                                                                                                                                                       (171, 18, 'content', NULL, 'varchar(255)', 'String', 'content', '0', '0', '0', '1', '1', '1', '1', 'EQ', 'editor', '', 2, 'admin', '2024-04-02 15:20:45', '', NULL),
                                                                                                                                                                                                                                                                                                                                       (172, 18, 'user_id', NULL, 'bigint', 'Long', 'userId', '0', '0', '0', '1', '1', '1', '1', 'EQ', 'input', '', 3, 'admin', '2024-04-02 15:20:45', '', NULL),
                                                                                                                                                                                                                                                                                                                                       (173, 18, 'question_id', NULL, 'bigint', 'Long', 'questionId', '0', '0', '0', '1', '1', '1', '1', 'EQ', 'input', '', 4, 'admin', '2024-04-02 15:20:45', '', NULL),
                                                                                                                                                                                                                                                                                                                                       (174, 18, 'favour_num', NULL, 'int', 'Long', 'favourNum', '0', '0', '0', '1', '1', '1', '1', 'EQ', 'input', '', 5, 'admin', '2024-04-02 15:20:45', '', NULL),
                                                                                                                                                                                                                                                                                                                                       (175, 18, 'create_time', NULL, 'datetime', 'Date', 'createTime', '0', '0', '0', '1', NULL, NULL, NULL, 'EQ', 'datetime', '', 6, 'admin', '2024-04-02 15:20:45', '', NULL),
                                                                                                                                                                                                                                                                                                                                       (176, 18, 'update_time', NULL, 'datetime', 'Date', 'updateTime', '0', '0', '0', '1', '1', NULL, NULL, 'EQ', 'datetime', '', 7, 'admin', '2024-04-02 15:20:45', '', NULL),
                                                                                                                                                                                                                                                                                                                                       (177, 18, 'is_delete', NULL, 'int', 'Long', 'isDelete', '0', '0', '0', '1', '1', '1', '1', 'EQ', 'input', '', 8, 'admin', '2024-04-02 15:20:45', '', NULL),
                                                                                                                                                                                                                                                                                                                                       (178, 19, 'id', NULL, 'bigint', 'Long', 'id', '1', '1', '0', '1', NULL, NULL, NULL, 'EQ', 'input', '', 1, 'admin', '2024-04-02 15:20:45', '', NULL),
                                                                                                                                                                                                                                                                                                                                       (179, 19, 'question_id', NULL, 'bigint', 'Long', 'questionId', '0', '0', '0', '1', '1', '1', '1', 'EQ', 'input', '', 2, 'admin', '2024-04-02 15:20:45', '', NULL),
                                                                                                                                                                                                                                                                                                                                       (180, 19, 'user_id', NULL, 'bigint', 'Long', 'userId', '0', '0', '0', '1', '1', '1', '1', 'EQ', 'input', '', 3, 'admin', '2024-04-02 15:20:45', '', NULL),
                                                                                                                                                                                                                                                                                                                                       (181, 19, 'create_time', NULL, 'datetime', 'Date', 'createTime', '0', '0', '0', '1', NULL, NULL, NULL, 'EQ', 'datetime', '', 4, 'admin', '2024-04-02 15:20:45', '', NULL),
                                                                                                                                                                                                                                                                                                                                       (182, 19, 'update_time', NULL, 'datetime', 'Date', 'updateTime', '0', '0', '0', '1', '1', NULL, NULL, 'EQ', 'datetime', '', 5, 'admin', '2024-04-02 15:20:45', '', NULL),
                                                                                                                                                                                                                                                                                                                                       (183, 20, 'id', NULL, 'bigint', 'Long', 'id', '1', '1', '0', '1', NULL, NULL, NULL, 'EQ', 'input', '', 1, 'admin', '2024-04-02 15:20:45', '', NULL),
                                                                                                                                                                                                                                                                                                                                       (184, 20, 'language', NULL, 'varchar(255)', 'String', 'language', '0', '0', '0', '1', '1', '1', '1', 'EQ', 'input', '', 2, 'admin', '2024-04-02 15:20:45', '', NULL),
                                                                                                                                                                                                                                                                                                                                       (185, 20, 'code', NULL, 'varchar(5000)', 'String', 'code', '0', '0', '0', '1', '1', '1', '1', 'EQ', 'textarea', '', 3, 'admin', '2024-04-02 15:20:45', '', NULL),
                                                                                                                                                                                                                                                                                                                                       (186, 20, 'judge_info', NULL, 'varchar(255)', 'String', 'judgeInfo', '0', '0', '0', '1', '1', '1', '1', 'EQ', 'input', '', 4, 'admin', '2024-04-02 15:20:45', '', NULL),
                                                                                                                                                                                                                                                                                                                                       (187, 20, 'status', NULL, 'int', 'Long', 'status', '0', '0', '0', '1', '1', '1', '1', 'EQ', 'radio', '', 5, 'admin', '2024-04-02 15:20:45', '', NULL),
                                                                                                                                                                                                                                                                                                                                       (188, 20, 'question_id', NULL, 'bigint', 'Long', 'questionId', '0', '0', '0', '1', '1', '1', '1', 'EQ', 'input', '', 6, 'admin', '2024-04-02 15:20:45', '', NULL),
                                                                                                                                                                                                                                                                                                                                       (189, 20, 'user_id', NULL, 'bigint', 'Long', 'userId', '0', '0', '0', '1', '1', '1', '1', 'EQ', 'input', '', 7, 'admin', '2024-04-02 15:20:45', '', NULL),
                                                                                                                                                                                                                                                                                                                                       (190, 20, 'exceed_percent', NULL, 'float', 'Long', 'exceedPercent', '0', '0', '0', '1', '1', '1', '1', 'EQ', 'input', '', 8, 'admin', '2024-04-02 15:20:45', '', NULL),
                                                                                                                                                                                                                                                                                                                                       (191, 20, 'create_time', NULL, 'datetime', 'Date', 'createTime', '0', '0', '0', '1', NULL, NULL, NULL, 'EQ', 'datetime', '', 9, 'admin', '2024-04-02 15:20:45', '', NULL),
                                                                                                                                                                                                                                                                                                                                       (192, 20, 'update_time', NULL, 'datetime', 'Date', 'updateTime', '0', '0', '0', '1', '1', NULL, NULL, 'EQ', 'datetime', '', 10, 'admin', '2024-04-02 15:20:45', '', NULL),
                                                                                                                                                                                                                                                                                                                                       (193, 20, 'is_delete', NULL, 'int', 'Long', 'isDelete', '0', '0', '0', '1', '1', '1', '1', 'EQ', 'input', '', 11, 'admin', '2024-04-02 15:20:45', '', NULL),
                                                                                                                                                                                                                                                                                                                                       (204, 22, 'id', 'id', 'bigint', 'Long', 'id', '1', '1', '0', '0', NULL, NULL, NULL, 'EQ', 'input', '', 1, 'admin', '2024-04-02 15:20:45', '', '2024-04-07 21:13:07'),
                                                                                                                                                                                                                                                                                                                                       (205, 22, 'room_id', '房间id', 'bigint', 'Long', 'roomId', '0', '0', '0', '0', '0', '1', '1', 'EQ', 'input', '', 2, 'admin', '2024-04-02 15:20:45', '', '2024-04-07 21:13:07'),
                                                                                                                                                                                                                                                                                                                                       (206, 22, 'user_id1', '用户id1', 'bigint', 'Long', 'userId1', '0', '0', '0', '0', '0', '1', '1', 'EQ', 'input', '', 3, 'admin', '2024-04-02 15:20:45', '', '2024-04-07 21:13:07'),
                                                                                                                                                                                                                                                                                                                                       (207, 22, 'user_id2', '用户id2', 'bigint', 'Long', 'userId2', '0', '0', '0', '0', '0', '1', '1', 'EQ', 'input', '', 4, 'admin', '2024-04-02 15:20:45', '', '2024-04-07 21:13:07'),
                                                                                                                                                                                                                                                                                                                                       (208, 22, 'status', '状态', 'int', 'Long', 'status', '0', '0', '0', '0', '0', '1', '1', 'EQ', 'radio', '', 5, 'admin', '2024-04-02 15:20:45', '', '2024-04-07 21:13:07'),
                                                                                                                                                                                                                                                                                                                                       (209, 22, 'create_time', '创建时间', 'datetime', 'Date', 'createTime', '0', '0', '0', '0', NULL, '1', '1', 'BETWEEN', 'datetime', '', 6, 'admin', '2024-04-02 15:20:45', '', '2024-04-07 21:13:07'),
                                                                                                                                                                                                                                                                                                                                       (210, 22, 'update_time', '更新时间', 'datetime', 'Date', 'updateTime', '0', '0', '0', '0', '0', '1', '1', 'BETWEEN', 'datetime', '', 7, 'admin', '2024-04-02 15:20:45', '', '2024-04-07 21:13:07'),
                                                                                                                                                                                                                                                                                                                                       (211, 22, 'is_delete', '是否删除', 'int', 'Long', 'isDelete', '0', '0', '0', '0', '0', '0', '0', 'EQ', 'input', '', 8, 'admin', '2024-04-02 15:20:45', '', '2024-04-07 21:13:07'),
                                                                                                                                                                                                                                                                                                                                       (212, 23, 'id', 'id', 'bigint', 'Long', 'id', '1', '1', '0', '0', NULL, NULL, NULL, 'EQ', 'input', '', 1, 'admin', '2024-04-02 15:20:45', '', '2024-04-07 13:51:21'),
                                                                                                                                                                                                                                                                                                                                       (213, 23, 'room_id', '房间id', 'bigint', 'Long', 'roomId', '0', '0', '0', '0', '0', '1', '1', 'EQ', 'input', '', 2, 'admin', '2024-04-02 15:20:45', '', '2024-04-07 13:51:21'),
                                                                                                                                                                                                                                                                                                                                       (214, 23, 'name', '名称', 'varchar(255)', 'String', 'name', '0', '0', '0', '0', '0', '1', '1', 'LIKE', 'input', '', 3, 'admin', '2024-04-02 15:20:45', '', '2024-04-07 13:51:21'),
                                                                                                                                                                                                                                                                                                                                       (215, 23, 'avatar', '头像', 'varchar(255)', 'String', 'avatar', '0', '0', '0', '0', '0', '1', '0', 'EQ', 'input', '', 4, 'admin', '2024-04-02 15:20:45', '', '2024-04-07 13:51:21'),
                                                                                                                                                                                                                                                                                                                                       (216, 23, 'ext_json', '扩展信息', 'varchar(255)', 'String', 'extJson', '0', '0', '0', '0', '0', '1', '0', 'EQ', 'input', '', 5, 'admin', '2024-04-02 15:20:45', '', '2024-04-07 13:51:21'),
                                                                                                                                                                                                                                                                                                                                       (217, 23, 'create_time', '创建时间', 'datetime', 'Date', 'createTime', '0', '0', '0', '0', NULL, '1', '1', 'BETWEEN', 'datetime', '', 6, 'admin', '2024-04-02 15:20:45', '', '2024-04-07 13:51:21'),
                                                                                                                                                                                                                                                                                                                                       (218, 23, 'update_time', '更新时间', 'datetime', 'Date', 'updateTime', '0', '0', '0', '0', '0', '1', '1', 'BETWEEN', 'datetime', '', 7, 'admin', '2024-04-02 15:20:45', '', '2024-04-07 13:51:21'),
                                                                                                                                                                                                                                                                                                                                       (219, 23, 'is_delete', '是否删除', 'int', 'Long', 'isDelete', '0', '0', '0', '0', '0', '0', '0', 'EQ', 'input', '', 8, 'admin', '2024-04-02 15:20:45', '', '2024-04-07 13:51:21'),
                                                                                                                                                                                                                                                                                                                                       (232, 25, 'id', NULL, 'bigint', 'Long', 'id', '1', '1', '0', '1', NULL, NULL, NULL, 'EQ', 'input', '', 1, 'admin', '2024-04-02 15:20:45', '', NULL),
                                                                                                                                                                                                                                                                                                                                       (233, 25, 'content', NULL, 'varchar(255)', 'String', 'content', '0', '0', '0', '1', '1', '1', '1', 'EQ', 'editor', '', 2, 'admin', '2024-04-02 15:20:45', '', NULL),
                                                                                                                                                                                                                                                                                                                                       (234, 25, 'user_id', NULL, 'bigint', 'Long', 'userId', '0', '0', '0', '1', '1', '1', '1', 'EQ', 'input', '', 3, 'admin', '2024-04-02 15:20:45', '', NULL),
                                                                                                                                                                                                                                                                                                                                       (235, 25, 'reply_id', NULL, 'bigint', 'Long', 'replyId', '0', '0', '0', '1', '1', '1', '1', 'EQ', 'input', '', 4, 'admin', '2024-04-02 15:20:45', '', NULL),
                                                                                                                                                                                                                                                                                                                                       (236, 25, 'topic_id', NULL, 'bigint', 'Long', 'topicId', '0', '0', '0', '1', '1', '1', '1', 'EQ', 'input', '', 5, 'admin', '2024-04-02 15:20:45', '', NULL),
                                                                                                                                                                                                                                                                                                                                       (237, 25, 'favour_num', NULL, 'int', 'Long', 'favourNum', '0', '0', '0', '1', '1', '1', '1', 'EQ', 'input', '', 6, 'admin', '2024-04-02 15:20:45', '', NULL),
                                                                                                                                                                                                                                                                                                                                       (238, 25, 'create_time', NULL, 'datetime', 'Date', 'createTime', '0', '0', '0', '1', NULL, NULL, NULL, 'EQ', 'datetime', '', 7, 'admin', '2024-04-02 15:20:45', '', NULL),
                                                                                                                                                                                                                                                                                                                                       (239, 25, 'update_time', NULL, 'datetime', 'Date', 'updateTime', '0', '0', '0', '1', '1', NULL, NULL, 'EQ', 'datetime', '', 8, 'admin', '2024-04-02 15:20:45', '', NULL),
                                                                                                                                                                                                                                                                                                                                       (240, 25, 'is_delete', NULL, 'int', 'Long', 'isDelete', '0', '0', '0', '1', '1', '1', '1', 'EQ', 'input', '', 9, 'admin', '2024-04-02 15:20:45', '', NULL),
                                                                                                                                                                                                                                                                                                                                       (241, 26, 'id', NULL, 'bigint', 'Long', 'id', '1', '1', '0', '1', NULL, NULL, NULL, 'EQ', 'input', '', 1, 'admin', '2024-04-02 15:20:45', '', NULL),
                                                                                                                                                                                                                                                                                                                                       (242, 26, 'topic_id', NULL, 'bigint', 'Long', 'topicId', '0', '0', '0', '1', '1', '1', '1', 'EQ', 'input', '', 2, 'admin', '2024-04-02 15:20:45', '', NULL),
                                                                                                                                                                                                                                                                                                                                       (243, 26, 'user_id', NULL, 'bigint', 'Long', 'userId', '0', '0', '0', '1', '1', '1', '1', 'EQ', 'input', '', 3, 'admin', '2024-04-02 15:20:45', '', NULL),
                                                                                                                                                                                                                                                                                                                                       (244, 26, 'create_time', NULL, 'datetime', 'Date', 'createTime', '0', '0', '0', '1', NULL, NULL, NULL, 'EQ', 'datetime', '', 4, 'admin', '2024-04-02 15:20:45', '', NULL),
                                                                                                                                                                                                                                                                                                                                       (245, 26, 'update_time', NULL, 'datetime', 'Date', 'updateTime', '0', '0', '0', '1', '1', NULL, NULL, 'EQ', 'datetime', '', 5, 'admin', '2024-04-02 15:20:45', '', NULL),
                                                                                                                                                                                                                                                                                                                                       (246, 27, 'id', NULL, 'bigint', 'Long', 'id', '1', '1', '0', '1', NULL, NULL, NULL, 'EQ', 'input', '', 1, 'admin', '2024-04-02 15:20:45', '', NULL),
                                                                                                                                                                                                                                                                                                                                       (247, 27, 'topic_id', NULL, 'bigint', 'Long', 'topicId', '0', '0', '0', '1', '1', '1', '1', 'EQ', 'input', '', 2, 'admin', '2024-04-02 15:20:45', '', NULL),
                                                                                                                                                                                                                                                                                                                                       (248, 27, 'user_id', NULL, 'bigint', 'Long', 'userId', '0', '0', '0', '1', '1', '1', '1', 'EQ', 'input', '', 3, 'admin', '2024-04-02 15:20:45', '', NULL),
                                                                                                                                                                                                                                                                                                                                       (249, 27, 'create_time', NULL, 'datetime', 'Date', 'createTime', '0', '0', '0', '1', NULL, NULL, NULL, 'EQ', 'datetime', '', 4, 'admin', '2024-04-02 15:20:45', '', NULL),
                                                                                                                                                                                                                                                                                                                                       (250, 27, 'update_time', NULL, 'datetime', 'Date', 'updateTime', '0', '0', '0', '1', '1', NULL, NULL, 'EQ', 'datetime', '', 5, 'admin', '2024-04-02 15:20:45', '', NULL),
                                                                                                                                                                                                                                                                                                                                       (251, 28, 'id', 'id', 'bigint', 'Long', 'id', '1', '1', '0', '0', NULL, NULL, NULL, 'EQ', 'input', '', 1, 'admin', '2024-04-02 15:20:45', '', '2024-04-06 11:35:20'),
                                                                                                                                                                                                                                                                                                                                       (252, 28, 'user_account', '账号', 'varchar(255)', 'String', 'userAccount', '0', '0', '0', '0', '0', '1', '0', 'EQ', 'input', '', 2, 'admin', '2024-04-02 15:20:45', '', '2024-04-06 11:35:20'),
                                                                                                                                                                                                                                                                                                                                       (253, 28, 'user_password', '密码', 'varchar(255)', 'String', 'userPassword', '0', '0', '0', '0', '0', '0', '0', 'EQ', 'input', '', 3, 'admin', '2024-04-02 15:20:45', '', '2024-04-06 11:35:20'),
                                                                                                                                                                                                                                                                                                                                       (254, 28, 'union_id', NULL, 'varchar(255)', 'String', 'unionId', '0', '0', '0', '0', '0', '0', '0', 'EQ', 'input', '', 4, 'admin', '2024-04-02 15:20:45', '', '2024-04-06 11:35:20'),
                                                                                                                                                                                                                                                                                                                                       (255, 28, 'mp_open_id', NULL, 'varchar(255)', 'String', 'mpOpenId', '0', '0', '0', '0', '0', '0', '0', 'EQ', 'input', '', 5, 'admin', '2024-04-02 15:20:45', '', '2024-04-06 11:35:20'),
                                                                                                                                                                                                                                                                                                                                       (256, 28, 'user_name', '用户名', 'varchar(255)', 'String', 'userName', '0', '0', '0', '0', '0', '1', '1', 'LIKE', 'input', '', 6, 'admin', '2024-04-02 15:20:45', '', '2024-04-06 11:35:20'),
                                                                                                                                                                                                                                                                                                                                       (257, 28, 'user_avatar', '头像', 'varchar(255)', 'String', 'userAvatar', '0', '0', '0', '0', '0', '1', '0', 'EQ', 'imageUpload', '', 7, 'admin', '2024-04-02 15:20:45', '', '2024-04-06 11:35:20'),
                                                                                                                                                                                                                                                                                                                                       (258, 28, 'user_profile', NULL, 'varchar(255)', 'String', 'userProfile', '0', '0', '0', '0', '0', '0', '0', 'EQ', 'fileUpload', '', 8, 'admin', '2024-04-02 15:20:45', '', '2024-04-06 11:35:20'),
                                                                                                                                                                                                                                                                                                                                       (259, 28, 'user_role', '角色', 'varchar(255)', 'String', 'userRole', '0', '0', '0', '0', '0', '1', '1', 'EQ', 'input', '', 9, 'admin', '2024-04-02 15:20:45', '', '2024-04-06 11:35:20'),
                                                                                                                                                                                                                                                                                                                                       (260, 28, 'school', '学校', 'varchar(255)', 'String', 'school', '0', '0', '0', '0', '0', '1', '1', 'EQ', 'input', '', 10, 'admin', '2024-04-02 15:20:45', '', '2024-04-06 11:35:20'),
                                                                                                                                                                                                                                                                                                                                       (261, 28, 'profession', '专业', 'varchar(255)', 'String', 'profession', '0', '0', '0', '0', '0', '1', '0', 'EQ', 'input', '', 11, 'admin', '2024-04-02 15:20:45', '', '2024-04-06 11:35:20'),
                                                                                                                                                                                                                                                                                                                                       (262, 28, 'work_experience', '工作经验', 'int', 'Long', 'workExperience', '0', '0', '0', '0', '0', '1', '1', 'EQ', 'input', '', 12, 'admin', '2024-04-02 15:20:45', '', '2024-04-06 11:35:20'),
                                                                                                                                                                                                                                                                                                                                       (263, 28, 'question_count', '做题数', 'int', 'Long', 'questionCount', '0', '0', '0', '0', '0', '1', '0', 'EQ', 'input', '', 13, 'admin', '2024-04-02 15:20:45', '', '2024-04-06 11:35:20'),
                                                                                                                                                                                                                                                                                                                                       (264, 28, 'accepted_rate', '通过率', 'float', 'Long', 'acceptedRate', '0', '0', '0', '0', '0', '1', '0', 'EQ', 'input', '', 14, 'admin', '2024-04-02 15:20:45', '', '2024-04-06 11:35:20'),
                                                                                                                                                                                                                                                                                                                                       (265, 28, 'person_sign', '个性签名', 'varchar(255)', 'String', 'personSign', '0', '0', '0', '0', '0', '1', '0', 'EQ', 'input', '', 15, 'admin', '2024-04-02 15:20:45', '', '2024-04-06 11:35:20'),
                                                                                                                                                                                                                                                                                                                                       (266, 28, 'create_time', '创建时间', 'datetime', 'Date', 'createTime', '0', '0', '0', '0', NULL, '1', NULL, 'EQ', 'datetime', '', 16, 'admin', '2024-04-02 15:20:45', '', '2024-04-06 11:35:20'),
                                                                                                                                                                                                                                                                                                                                       (267, 28, 'update_time', '修改时间', 'datetime', 'Date', 'updateTime', '0', '0', '0', '0', '0', '1', NULL, 'EQ', 'datetime', '', 17, 'admin', '2024-04-02 15:20:45', '', '2024-04-06 11:35:20'),
                                                                                                                                                                                                                                                                                                                                       (268, 28, 'is_delete', '是否删除', 'int', 'Long', 'isDelete', '0', '0', '0', '0', '0', '0', '0', 'EQ', 'input', '', 18, 'admin', '2024-04-02 15:20:45', '', '2024-04-06 11:35:20'),
                                                                                                                                                                                                                                                                                                                                       (269, 28, 'submit_count', '提交数', 'int', 'Long', 'submitCount', '0', '0', '0', '0', '0', '1', '0', 'EQ', 'input', '', 19, 'admin', '2024-04-02 15:20:45', '', '2024-04-06 11:35:20'),
                                                                                                                                                                                                                                                                                                                                       (270, 28, 'accepted_count', '通过数', 'int', 'Long', 'acceptedCount', '0', '0', '0', '0', '0', '1', '0', 'EQ', 'input', '', 20, 'admin', '2024-04-02 15:20:45', '', '2024-04-06 11:35:20'),
                                                                                                                                                                                                                                                                                                                                       (271, 28, 'active_status', '在线状态', 'int', 'Long', 'activeStatus', '0', '0', '0', '0', '0', '1', '1', 'EQ', 'radio', '', 21, 'admin', '2024-04-02 15:20:45', '', '2024-04-06 11:35:20'),
                                                                                                                                                                                                                                                                                                                                       (272, 28, 'last_ops_time', '最近上下线时间', 'datetime', 'Date', 'lastOpsTime', '0', '0', '0', '0', '0', '1', '0', 'EQ', 'datetime', '', 22, 'admin', '2024-04-02 15:20:45', '', '2024-04-06 11:35:20'),
                                                                                                                                                                                                                                                                                                                                       (273, 28, 'match_score', '竞赛积分', 'int', 'Long', 'matchScore', '0', '0', '0', '0', '0', '1', '0', 'EQ', 'input', '', 23, 'admin', '2024-04-02 15:20:45', '', '2024-04-06 11:35:20'),
                                                                                                                                                                                                                                                                                                                                       (274, 29, 'id', NULL, 'bigint', 'Long', 'id', '1', '1', '0', '1', NULL, NULL, NULL, 'EQ', 'input', '', 1, 'admin', '2024-04-02 15:20:45', '', NULL),
                                                                                                                                                                                                                                                                                                                                       (275, 29, 'user_id', NULL, 'bigint', 'Long', 'userId', '0', '0', '0', '1', '1', '1', '1', 'EQ', 'input', '', 2, 'admin', '2024-04-02 15:20:45', '', NULL),
                                                                                                                                                                                                                                                                                                                                       (276, 29, 'type', NULL, 'int', 'Long', 'type', '0', '0', '0', '1', '1', '1', '1', 'EQ', 'select', '', 3, 'admin', '2024-04-02 15:20:45', '', NULL),
                                                                                                                                                                                                                                                                                                                                       (277, 29, 'target_id', NULL, 'bigint', 'Long', 'targetId', '0', '0', '0', '1', '1', '1', '1', 'EQ', 'input', '', 4, 'admin', '2024-04-02 15:20:45', '', NULL),
                                                                                                                                                                                                                                                                                                                                       (278, 29, 'msg', NULL, 'varchar(255)', 'String', 'msg', '0', '0', '0', '1', '1', '1', '1', 'EQ', 'input', '', 5, 'admin', '2024-04-02 15:20:45', '', NULL),
                                                                                                                                                                                                                                                                                                                                       (279, 29, 'status', NULL, 'int', 'Long', 'status', '0', '0', '0', '1', '1', '1', '1', 'EQ', 'radio', '', 6, 'admin', '2024-04-02 15:20:45', '', NULL),
                                                                                                                                                                                                                                                                                                                                       (280, 29, 'read_status', NULL, 'int', 'Long', 'readStatus', '0', '0', '0', '1', '1', '1', '1', 'EQ', 'radio', '', 7, 'admin', '2024-04-02 15:20:45', '', NULL),
                                                                                                                                                                                                                                                                                                                                       (281, 29, 'create_time', NULL, 'datetime', 'Date', 'createTime', '0', '0', '0', '1', NULL, NULL, NULL, 'EQ', 'datetime', '', 8, 'admin', '2024-04-02 15:20:45', '', NULL),
                                                                                                                                                                                                                                                                                                                                       (282, 29, 'update_time', NULL, 'datetime', 'Date', 'updateTime', '0', '0', '0', '1', '1', NULL, NULL, 'EQ', 'datetime', '', 9, 'admin', '2024-04-02 15:20:45', '', NULL),
                                                                                                                                                                                                                                                                                                                                       (283, 29, 'is_delete', NULL, 'int', 'Long', 'isDelete', '0', '0', '0', '1', '1', '1', '1', 'EQ', 'input', '', 10, 'admin', '2024-04-02 15:20:45', '', NULL),
                                                                                                                                                                                                                                                                                                                                       (284, 30, 'id', NULL, 'bigint', 'Long', 'id', '1', '1', '0', '1', NULL, NULL, NULL, 'EQ', 'input', '', 1, 'admin', '2024-04-02 15:20:45', '', NULL),
                                                                                                                                                                                                                                                                                                                                       (285, 30, 'user_id', NULL, 'bigint', 'Long', 'userId', '0', '0', '0', '1', '1', '1', '1', 'EQ', 'input', '', 2, 'admin', '2024-04-02 15:20:45', '', NULL),
                                                                                                                                                                                                                                                                                                                                       (286, 30, 'emoji_url', NULL, 'varchar(255)', 'String', 'emojiUrl', '0', '0', '0', '1', '1', '1', '1', 'EQ', 'input', '', 3, 'admin', '2024-04-02 15:20:45', '', NULL),
                                                                                                                                                                                                                                                                                                                                       (287, 30, 'create_time', NULL, 'datetime', 'Date', 'createTime', '0', '0', '0', '1', NULL, NULL, NULL, 'EQ', 'datetime', '', 4, 'admin', '2024-04-02 15:20:45', '', NULL),
                                                                                                                                                                                                                                                                                                                                       (288, 30, 'update_time', NULL, 'datetime', 'Date', 'updateTime', '0', '0', '0', '1', '1', NULL, NULL, 'EQ', 'datetime', '', 5, 'admin', '2024-04-02 15:20:45', '', NULL),
                                                                                                                                                                                                                                                                                                                                       (289, 30, 'is_delete', NULL, 'int', 'Long', 'isDelete', '0', '0', '0', '1', '1', '1', '1', 'EQ', 'input', '', 6, 'admin', '2024-04-02 15:20:45', '', NULL),
                                                                                                                                                                                                                                                                                                                                       (290, 31, 'id', NULL, 'bigint', 'Long', 'id', '1', '1', '0', '1', NULL, NULL, NULL, 'EQ', 'input', '', 1, 'admin', '2024-04-02 15:20:45', '', NULL),
                                                                                                                                                                                                                                                                                                                                       (291, 31, 'user_id', NULL, 'bigint', 'Long', 'userId', '0', '0', '0', '1', '1', '1', '1', 'EQ', 'input', '', 2, 'admin', '2024-04-02 15:20:45', '', NULL),
                                                                                                                                                                                                                                                                                                                                       (292, 31, 'friend_id', NULL, 'bigint', 'Long', 'friendId', '0', '0', '0', '1', '1', '1', '1', 'EQ', 'input', '', 3, 'admin', '2024-04-02 15:20:45', '', NULL),
                                                                                                                                                                                                                                                                                                                                       (293, 31, 'create_time', NULL, 'datetime', 'Date', 'createTime', '0', '0', '0', '1', NULL, NULL, NULL, 'EQ', 'datetime', '', 4, 'admin', '2024-04-02 15:20:45', '', NULL),
                                                                                                                                                                                                                                                                                                                                       (294, 31, 'update_time', NULL, 'datetime', 'Date', 'updateTime', '0', '0', '0', '1', '1', NULL, NULL, 'EQ', 'datetime', '', 5, 'admin', '2024-04-02 15:20:45', '', NULL),
                                                                                                                                                                                                                                                                                                                                       (295, 31, 'is_delete', NULL, 'int', 'Long', 'isDelete', '0', '0', '0', '1', '1', '1', '1', 'EQ', 'input', '', 6, 'admin', '2024-04-02 15:20:45', '', NULL),
                                                                                                                                                                                                                                                                                                                                       (322, 34, 'id', 'id', 'bigint', 'Long', 'id', '1', '1', '0', '1', NULL, NULL, NULL, 'EQ', 'input', '', 1, 'admin', '2024-04-06 10:08:07', '', '2024-04-06 10:15:13'),
                                                                                                                                                                                                                                                                                                                                       (323, 34, 'name', '名称', 'varchar(255)', 'String', 'name', '0', '0', '1', '1', '1', '1', '1', 'LIKE', 'input', '', 2, 'admin', '2024-04-06 10:08:08', '', '2024-04-06 10:15:13'),
                                                                                                                                                                                                                                                                                                                                       (324, 34, 'cover_url', '封面', 'varchar(255)', 'String', 'coverUrl', '0', '0', '1', '1', '1', '1', '0', 'EQ', 'imageUpload', '', 3, 'admin', '2024-04-06 10:08:08', '', '2024-04-06 10:15:13'),
                                                                                                                                                                                                                                                                                                                                       (325, 34, 'times', '时长', 'bigint', 'Long', 'times', '0', '0', '0', '0', '0', '1', '0', 'EQ', 'input', '', 4, 'admin', '2024-04-06 10:08:08', '', '2024-04-06 10:15:13'),
                                                                                                                                                                                                                                                                                                                                       (326, 34, 'nodule_count', '节数', 'int', 'Long', 'noduleCount', '0', '0', '0', '0', '0', '1', '0', 'EQ', 'input', '', 5, 'admin', '2024-04-06 10:08:08', '', '2024-04-06 10:15:13'),
                                                                                                                                                                                                                                                                                                                                       (327, 34, 'favour_count', '收藏数', 'int', 'Long', 'favourCount', '0', '0', '0', '0', '0', '1', '0', 'EQ', 'input', '', 6, 'admin', '2024-04-06 10:08:08', '', '2024-04-06 10:15:13'),
                                                                                                                                                                                                                                                                                                                                       (328, 34, 'user_id', '用户id', 'bigint', 'Long', 'userId', '0', '0', '0', '0', '0', '1', '1', 'EQ', 'input', '', 7, 'admin', '2024-04-06 10:08:08', '', '2024-04-06 10:15:13'),
                                                                                                                                                                                                                                                                                                                                       (329, 34, 'intro', '简介', 'varchar(255)', 'String', 'intro', '0', '0', '0', '0', '0', '1', '1', 'EQ', 'input', '', 8, 'admin', '2024-04-06 10:08:08', '', '2024-04-06 10:15:13'),
                                                                                                                                                                                                                                                                                                                                       (330, 34, 'create_time', '创建时间', 'datetime', 'Date', 'createTime', '0', '0', '0', '0', NULL, '1', NULL, 'EQ', 'datetime', '', 9, 'admin', '2024-04-06 10:08:08', '', '2024-04-06 10:15:13'),
                                                                                                                                                                                                                                                                                                                                       (331, 34, 'update_time', '更新时间', 'datetime', 'Date', 'updateTime', '0', '0', '0', '0', '0', '1', NULL, 'EQ', 'datetime', '', 10, 'admin', '2024-04-06 10:08:08', '', '2024-04-06 10:15:13'),
                                                                                                                                                                                                                                                                                                                                       (332, 34, 'is_delete', '是否删除', 'int', 'Long', 'isDelete', '0', '0', '0', '0', '0', '0', '0', 'EQ', 'input', '', 11, 'admin', '2024-04-06 10:08:08', '', '2024-04-06 10:15:13'),
                                                                                                                                                                                                                                                                                                                                       (333, 34, 'status', '审核状态', 'int', 'Long', 'status', '0', '0', '0', '1', '1', '1', '1', 'EQ', 'select', '', 12, 'admin', '2024-04-06 10:08:08', '', '2024-04-06 10:15:13'),
                                                                                                                                                                                                                                                                                                                                       (334, 34, 'remark', '备注', 'varchar(255)', 'String', 'remark', '0', '0', '0', '1', '1', '1', NULL, 'EQ', 'input', '', 13, 'admin', '2024-04-06 10:08:08', '', '2024-04-06 10:15:13'),
                                                                                                                                                                                                                                                                                                                                       (335, 35, 'id', 'id', 'bigint', 'Long', 'id', '1', '1', '0', '0', NULL, NULL, NULL, 'EQ', 'input', '', 1, 'admin', '2024-04-06 12:20:32', '', '2024-04-06 13:27:38'),
                                                                                                                                                                                                                                                                                                                                       (336, 35, 'course_id', '课程id', 'bigint', 'Long', 'courseId', '0', '0', '0', '0', '0', '1', '1', 'EQ', 'input', '', 2, 'admin', '2024-04-06 12:20:32', '', '2024-04-06 13:27:38'),
                                                                                                                                                                                                                                                                                                                                       (337, 35, 'name', '名称', 'varchar(255)', 'String', 'name', '0', '0', '0', '0', '0', '1', '1', 'LIKE', 'input', '', 3, 'admin', '2024-04-06 12:20:32', '', '2024-04-06 13:27:38'),
                                                                                                                                                                                                                                                                                                                                       (338, 35, 'order_no', '序号', 'int', 'Long', 'orderNo', '0', '0', '0', '0', '0', '1', '0', 'EQ', 'input', '', 4, 'admin', '2024-04-06 12:20:32', '', '2024-04-06 13:27:38'),
                                                                                                                                                                                                                                                                                                                                       (339, 35, 'times', '时长', 'bigint', 'Long', 'times', '0', '0', '0', '0', '0', '1', '0', 'EQ', 'input', '', 5, 'admin', '2024-04-06 12:20:32', '', '2024-04-06 13:27:38'),
                                                                                                                                                                                                                                                                                                                                       (340, 35, 'cover_url', '封面', 'varchar(255)', 'String', 'coverUrl', '0', '0', '0', '0', '0', '1', '0', 'EQ', 'imageUpload', '', 6, 'admin', '2024-04-06 12:20:32', '', '2024-04-06 13:27:38'),
                                                                                                                                                                                                                                                                                                                                       (341, 35, 'video_url', '视频', 'varchar(255)', 'String', 'videoUrl', '0', '0', '0', '0', '0', '1', '0', 'EQ', 'fileUpload', '', 7, 'admin', '2024-04-06 12:20:32', '', '2024-04-06 13:27:38'),
                                                                                                                                                                                                                                                                                                                                       (342, 35, 'file_id', '文件id', 'bigint', 'Long', 'fileId', '0', '0', '0', '0', '0', '1', '0', 'EQ', 'input', '', 8, 'admin', '2024-04-06 12:20:32', '', '2024-04-06 13:27:38'),
                                                                                                                                                                                                                                                                                                                                       (343, 35, 'create_time', '创建时间', 'datetime', 'Date', 'createTime', '0', '0', '0', '0', NULL, '1', NULL, 'EQ', 'datetime', '', 9, 'admin', '2024-04-06 12:20:32', '', '2024-04-06 13:27:38'),
                                                                                                                                                                                                                                                                                                                                       (344, 35, 'update_time', '更新时间', 'datetime', 'Date', 'updateTime', '0', '0', '0', '0', '0', '1', NULL, 'EQ', 'datetime', '', 10, 'admin', '2024-04-06 12:20:32', '', '2024-04-06 13:27:38'),
                                                                                                                                                                                                                                                                                                                                       (345, 35, 'is_delete', '是否删除', 'int', 'Long', 'isDelete', '0', '0', '0', '0', '0', '0', '0', 'EQ', 'input', '', 11, 'admin', '2024-04-06 12:20:32', '', '2024-04-06 13:27:38'),
                                                                                                                                                                                                                                                                                                                                       (346, 35, 'status', '状态', 'int', 'Long', 'status', '0', '0', '0', '1', '1', '1', '1', 'EQ', 'select', '', 12, 'admin', '2024-04-06 12:20:32', '', '2024-04-06 13:27:38'),
                                                                                                                                                                                                                                                                                                                                       (347, 36, 'id', 'id', 'bigint', 'Long', 'id', '1', '1', '0', '0', NULL, NULL, NULL, 'EQ', 'input', '', 1, 'admin', '2024-04-06 19:15:30', '', '2024-04-06 19:20:52'),
                                                                                                                                                                                                                                                                                                                                       (348, 36, 'title', '标题', 'varchar(255)', 'String', 'title', '0', '0', '0', '0', '0', '1', '1', 'EQ', 'input', '', 2, 'admin', '2024-04-06 19:15:30', '', '2024-04-06 19:20:52'),
                                                                                                                                                                                                                                                                                                                                       (349, 36, 'intro', '简介', 'varchar(255)', 'String', 'intro', '0', '0', '0', '0', '0', '1', '1', 'EQ', 'input', '', 3, 'admin', '2024-04-06 19:15:30', '', '2024-04-06 19:20:52'),
                                                                                                                                                                                                                                                                                                                                       (350, 36, 'content', '正文', 'varchar(10000)', 'String', 'content', '0', '0', '0', '0', '0', '0', '0', 'EQ', 'editor', '', 4, 'admin', '2024-04-06 19:15:30', '', '2024-04-06 19:20:52'),
                                                                                                                                                                                                                                                                                                                                       (351, 36, 'cover_img', '封面', 'varchar(255)', 'String', 'coverImg', '0', '0', '0', '0', '0', '1', '0', 'EQ', 'imageUpload', '', 5, 'admin', '2024-04-06 19:15:30', '', '2024-04-06 19:20:52'),
                                                                                                                                                                                                                                                                                                                                       (352, 36, 'tags', '标签', 'varchar(255)', 'String', 'tags', '0', '0', '0', '0', '0', '0', '0', 'EQ', 'input', '', 6, 'admin', '2024-04-06 19:15:30', '', '2024-04-06 19:20:52'),
                                                                                                                                                                                                                                                                                                                                       (353, 36, 'thumb_num', '点赞数', 'int', 'Long', 'thumbNum', '0', '0', '0', '0', '0', '1', '0', 'EQ', 'input', '', 7, 'admin', '2024-04-06 19:15:30', '', '2024-04-06 19:20:52'),
                                                                                                                                                                                                                                                                                                                                       (354, 36, 'favour_num', '收藏数', 'int', 'Long', 'favourNum', '0', '0', '0', '0', '0', '1', '0', 'EQ', 'input', '', 8, 'admin', '2024-04-06 19:15:30', '', '2024-04-06 19:20:52'),
                                                                                                                                                                                                                                                                                                                                       (355, 36, 'comment_num', '评论数', 'int', 'Long', 'commentNum', '0', '0', '0', '0', '0', '1', '0', 'EQ', 'input', '', 9, 'admin', '2024-04-06 19:15:30', '', '2024-04-06 19:20:52'),
                                                                                                                                                                                                                                                                                                                                       (356, 36, 'user_id', '用户id', 'bigint', 'Long', 'userId', '0', '0', '0', '0', '0', '1', '1', 'EQ', 'input', '', 10, 'admin', '2024-04-06 19:15:30', '', '2024-04-06 19:20:52'),
                                                                                                                                                                                                                                                                                                                                       (357, 36, 'create_time', '创建时间', 'datetime', 'Date', 'createTime', '0', '0', '0', '0', NULL, '1', NULL, 'EQ', 'datetime', '', 11, 'admin', '2024-04-06 19:15:30', '', '2024-04-06 19:20:52'),
                                                                                                                                                                                                                                                                                                                                       (358, 36, 'update_time', '更新时间', 'datetime', 'Date', 'updateTime', '0', '0', '0', '0', '0', '1', NULL, 'EQ', 'datetime', '', 12, 'admin', '2024-04-06 19:15:30', '', '2024-04-06 19:20:52'),
                                                                                                                                                                                                                                                                                                                                       (359, 36, 'is_delete', '是否删除', 'int', 'Long', 'isDelete', '0', '0', '0', '0', '0', '0', '0', 'EQ', 'input', '', 13, 'admin', '2024-04-06 19:15:30', '', '2024-04-06 19:20:52'),
                                                                                                                                                                                                                                                                                                                                       (360, 36, 'status', '审核状态', 'int', 'Long', 'status', '0', '0', '0', '1', '1', '1', '1', 'EQ', 'radio', '', 14, 'admin', '2024-04-06 19:15:30', '', '2024-04-06 19:20:52'),
                                                                                                                                                                                                                                                                                                                                       (361, 37, 'id', 'id', 'bigint', 'Long', 'id', '1', '1', '0', '0', NULL, NULL, NULL, 'EQ', 'input', '', 1, 'admin', '2024-04-06 21:02:14', '', '2024-04-06 21:05:43'),
                                                                                                                                                                                                                                                                                                                                       (362, 37, 'title', '标题', 'varchar(255)', 'String', 'title', '0', '0', '0', '0', '0', '1', '1', 'EQ', 'input', '', 2, 'admin', '2024-04-06 21:02:14', '', '2024-04-06 21:05:43'),
                                                                                                                                                                                                                                                                                                                                       (363, 37, 'content', '内容', 'varchar(255)', 'String', 'content', '0', '0', '0', '0', '0', '1', '1', 'EQ', 'editor', '', 3, 'admin', '2024-04-06 21:02:14', '', '2024-04-06 21:05:43'),
                                                                                                                                                                                                                                                                                                                                       (364, 37, 'tags', '标签', 'varchar(255)', 'String', 'tags', '0', '0', '0', '0', '0', '0', '0', 'EQ', 'input', '', 4, 'admin', '2024-04-06 21:02:14', '', '2024-04-06 21:05:43'),
                                                                                                                                                                                                                                                                                                                                       (365, 37, 'thumb_num', '点赞数', 'int', 'Long', 'thumbNum', '0', '0', '0', '0', '0', '1', '0', 'EQ', 'input', '', 5, 'admin', '2024-04-06 21:02:14', '', '2024-04-06 21:05:43'),
                                                                                                                                                                                                                                                                                                                                       (366, 37, 'favour_num', '收藏数', 'int', 'Long', 'favourNum', '0', '0', '0', '0', '0', '1', '0', 'EQ', 'input', '', 6, 'admin', '2024-04-06 21:02:14', '', '2024-04-06 21:05:43'),
                                                                                                                                                                                                                                                                                                                                       (367, 37, 'comment_num', '评论数', 'int', 'Long', 'commentNum', '0', '0', '0', '0', '0', '1', '0', 'EQ', 'input', '', 7, 'admin', '2024-04-06 21:02:14', '', '2024-04-06 21:05:43'),
                                                                                                                                                                                                                                                                                                                                       (368, 37, 'user_id', '用户Id', 'bigint', 'Long', 'userId', '0', '0', '0', '0', '0', '1', '1', 'EQ', 'input', '', 8, 'admin', '2024-04-06 21:02:14', '', '2024-04-06 21:05:43'),
                                                                                                                                                                                                                                                                                                                                       (369, 37, 'create_time', '创建时间', 'datetime', 'Date', 'createTime', '0', '0', '0', '0', NULL, '1', NULL, 'EQ', 'datetime', '', 9, 'admin', '2024-04-06 21:02:14', '', '2024-04-06 21:05:43'),
                                                                                                                                                                                                                                                                                                                                       (370, 37, 'update_time', '更新时间', 'datetime', 'Date', 'updateTime', '0', '0', '0', '0', '0', '1', NULL, 'EQ', 'datetime', '', 10, 'admin', '2024-04-06 21:02:14', '', '2024-04-06 21:05:43'),
                                                                                                                                                                                                                                                                                                                                       (371, 37, 'is_delete', '是否删除', 'int', 'Long', 'isDelete', '0', '0', '0', '0', '0', '0', '0', 'EQ', 'input', '', 11, 'admin', '2024-04-06 21:02:14', '', '2024-04-06 21:05:43'),
                                                                                                                                                                                                                                                                                                                                       (372, 37, 'imgs', '图片', 'json', 'String', 'imgs', '0', '0', '0', '0', '0', '1', '0', 'EQ', NULL, '', 12, 'admin', '2024-04-06 21:02:14', '', '2024-04-06 21:05:43'),
                                                                                                                                                                                                                                                                                                                                       (373, 37, 'status', '审核状态', 'int', 'Long', 'status', '0', '0', '0', '0', '0', '1', '1', 'EQ', 'radio', '', 13, 'admin', '2024-04-06 21:02:14', '', '2024-04-06 21:05:43'),
                                                                                                                                                                                                                                                                                                                                       (374, 37, 'remark', '备注', 'varchar(255)', 'String', 'remark', '0', '0', '0', '0', '0', '1', NULL, 'EQ', 'input', '', 14, 'admin', '2024-04-06 21:02:14', '', '2024-04-06 21:05:43'),
                                                                                                                                                                                                                                                                                                                                       (386, 39, 'id', 'id', 'bigint', 'Long', 'id', '1', '1', '0', '0', NULL, NULL, NULL, 'EQ', 'input', '', 1, 'admin', '2024-04-07 13:14:26', '', '2024-04-07 21:15:05'),
                                                                                                                                                                                                                                                                                                                                       (387, 39, 'type', '房间类型', 'int', 'Long', 'type', '0', '0', '0', '0', '0', '1', '0', 'EQ', 'select', '', 2, 'admin', '2024-04-07 13:14:26', '', '2024-04-07 21:15:05'),
                                                                                                                                                                                                                                                                                                                                       (388, 39, 'hot_flag', '热门房间', 'tinyint', 'Long', 'hotFlag', '0', '0', '0', '0', '0', '1', '1', 'EQ', 'input', '', 3, 'admin', '2024-04-07 13:14:26', '', '2024-04-07 21:15:05'),
                                                                                                                                                                                                                                                                                                                                       (389, 39, 'active_time', '活跃时间', 'datetime', 'Date', 'activeTime', '0', '0', '0', '0', '0', '1', '1', 'BETWEEN', 'datetime', '', 4, 'admin', '2024-04-07 13:14:26', '', '2024-04-07 21:15:05'),
                                                                                                                                                                                                                                                                                                                                       (390, 39, 'msg_id', '消息id', 'bigint', 'Long', 'msgId', '0', '0', '0', '0', '0', '1', '0', 'EQ', 'input', '', 5, 'admin', '2024-04-07 13:14:26', '', '2024-04-07 21:15:05'),
                                                                                                                                                                                                                                                                                                                                       (391, 39, 'ext_json', '扩展消息', 'varchar(255)', 'String', 'extJson', '0', '0', '0', '0', '0', '1', '0', 'EQ', 'input', '', 6, 'admin', '2024-04-07 13:14:26', '', '2024-04-07 21:15:05'),
                                                                                                                                                                                                                                                                                                                                       (392, 39, 'create_time', '创建时间', 'datetime', 'Date', 'createTime', '0', '0', '0', '0', NULL, '1', '1', 'BETWEEN', 'datetime', '', 7, 'admin', '2024-04-07 13:14:26', '', '2024-04-07 21:15:05'),
                                                                                                                                                                                                                                                                                                                                       (393, 39, 'update_time', '更新时间', 'datetime', 'Date', 'updateTime', '0', '0', '0', '0', '0', '1', '1', 'BETWEEN', 'datetime', '', 8, 'admin', '2024-04-07 13:14:26', '', '2024-04-07 21:15:05'),
                                                                                                                                                                                                                                                                                                                                       (394, 39, 'is_delete', '是否删除', 'int', 'Long', 'isDelete', '0', '0', '0', '0', '0', '0', '0', 'EQ', 'input', '', 9, 'admin', '2024-04-07 13:14:26', '', '2024-04-07 21:15:05'),
                                                                                                                                                                                                                                                                                                                                       (395, 39, 'status', '状态', 'int', 'Long', 'status', '0', '0', '0', '1', '1', '1', '1', 'EQ', 'radio', '', 10, 'admin', '2024-04-07 13:14:26', '', '2024-04-07 21:15:05'),
                                                                                                                                                                                                                                                                                                                                       (396, 39, 'remark', '备注', 'varchar(255)', 'String', 'remark', '0', '0', '0', '1', '1', '1', NULL, 'EQ', 'input', '', 11, 'admin', '2024-04-07 13:14:26', '', '2024-04-07 21:15:05');

-- 导出  表 txing_oj_ad.sys_config 结构
CREATE TABLE IF NOT EXISTS `sys_config` (
                                            `config_id` int NOT NULL AUTO_INCREMENT COMMENT '参数主键',
                                            `config_name` varchar(100) CHARACTER SET utf8mb4 COLLATE utf8mb4_0900_ai_ci DEFAULT '' COMMENT '参数名称',
    `config_key` varchar(100) CHARACTER SET utf8mb4 COLLATE utf8mb4_0900_ai_ci DEFAULT '' COMMENT '参数键名',
    `config_value` varchar(500) CHARACTER SET utf8mb4 COLLATE utf8mb4_0900_ai_ci DEFAULT '' COMMENT '参数键值',
    `config_type` char(1) CHARACTER SET utf8mb4 COLLATE utf8mb4_0900_ai_ci DEFAULT 'N' COMMENT '系统内置（Y是 N否）',
    `create_by` varchar(64) CHARACTER SET utf8mb4 COLLATE utf8mb4_0900_ai_ci DEFAULT '' COMMENT '创建者',
    `create_time` datetime DEFAULT NULL COMMENT '创建时间',
    `update_by` varchar(64) CHARACTER SET utf8mb4 COLLATE utf8mb4_0900_ai_ci DEFAULT '' COMMENT '更新者',
    `update_time` datetime DEFAULT NULL COMMENT '更新时间',
    `remark` varchar(500) CHARACTER SET utf8mb4 COLLATE utf8mb4_0900_ai_ci DEFAULT NULL COMMENT '备注',
    PRIMARY KEY (`config_id`) USING BTREE
    ) ENGINE=InnoDB AUTO_INCREMENT=100 DEFAULT CHARSET=utf8mb4 COLLATE=utf8mb4_0900_ai_ci ROW_FORMAT=DYNAMIC COMMENT='参数配置表';

-- 正在导出表  txing_oj_ad.sys_config 的数据：~6 rows (大约)
INSERT INTO `sys_config` (`config_id`, `config_name`, `config_key`, `config_value`, `config_type`, `create_by`, `create_time`, `update_by`, `update_time`, `remark`) VALUES
                                                                                                                                                                         (1, '主框架页-默认皮肤样式名称', 'sys.index.skinName', 'skin-blue', 'Y', 'admin', '2024-03-18 12:52:23', '', NULL, '蓝色 skin-blue、绿色 skin-green、紫色 skin-purple、红色 skin-red、黄色 skin-yellow'),
                                                                                                                                                                         (2, '用户管理-账号初始密码', 'sys.user.initPassword', '123456', 'Y', 'admin', '2024-03-18 12:52:23', '', NULL, '初始化密码 123456'),
                                                                                                                                                                         (3, '主框架页-侧边栏主题', 'sys.index.sideTheme', 'theme-light', 'Y', 'admin', '2024-03-18 12:52:23', 'admin', '2024-04-14 22:59:17', '深色主题theme-dark，浅色主题theme-light'),
                                                                                                                                                                         (4, '账号自助-验证码开关', 'sys.account.captchaEnabled', 'true', 'N', 'admin', '2024-03-18 12:52:23', 'admin', '2024-04-14 22:06:41', '是否开启验证码功能（true开启，false关闭）'),
                                                                                                                                                                         (5, '账号自助-是否开启用户注册功能', 'sys.account.registerUser', 'false', 'Y', 'admin', '2024-03-18 12:52:23', '', NULL, '是否开启注册用户功能（true开启，false关闭）'),
                                                                                                                                                                         (6, '用户登录-黑名单列表', 'sys.login.blackIPList', '', 'Y', 'admin', '2024-03-18 12:52:23', '', NULL, '设置登录IP黑名单限制，多个匹配项以;分隔，支持匹配（*通配、网段）');

-- 导出  表 txing_oj_ad.sys_dept 结构
CREATE TABLE IF NOT EXISTS `sys_dept` (
                                          `dept_id` bigint NOT NULL AUTO_INCREMENT COMMENT '部门id',
                                          `parent_id` bigint DEFAULT '0' COMMENT '父部门id',
                                          `ancestors` varchar(50) CHARACTER SET utf8mb4 COLLATE utf8mb4_0900_ai_ci DEFAULT '' COMMENT '祖级列表',
    `dept_name` varchar(30) CHARACTER SET utf8mb4 COLLATE utf8mb4_0900_ai_ci DEFAULT '' COMMENT '部门名称',
    `order_num` int DEFAULT '0' COMMENT '显示顺序',
    `leader` varchar(20) CHARACTER SET utf8mb4 COLLATE utf8mb4_0900_ai_ci DEFAULT NULL COMMENT '负责人',
    `phone` varchar(11) CHARACTER SET utf8mb4 COLLATE utf8mb4_0900_ai_ci DEFAULT NULL COMMENT '联系电话',
    `email` varchar(50) CHARACTER SET utf8mb4 COLLATE utf8mb4_0900_ai_ci DEFAULT NULL COMMENT '邮箱',
    `status` char(1) CHARACTER SET utf8mb4 COLLATE utf8mb4_0900_ai_ci DEFAULT '0' COMMENT '部门状态（0正常 1停用）',
    `del_flag` char(1) CHARACTER SET utf8mb4 COLLATE utf8mb4_0900_ai_ci DEFAULT '0' COMMENT '删除标志（0代表存在 2代表删除）',
    `create_by` varchar(64) CHARACTER SET utf8mb4 COLLATE utf8mb4_0900_ai_ci DEFAULT '' COMMENT '创建者',
    `create_time` datetime DEFAULT NULL COMMENT '创建时间',
    `update_by` varchar(64) CHARACTER SET utf8mb4 COLLATE utf8mb4_0900_ai_ci DEFAULT '' COMMENT '更新者',
    `update_time` datetime DEFAULT NULL COMMENT '更新时间',
    PRIMARY KEY (`dept_id`) USING BTREE
    ) ENGINE=InnoDB AUTO_INCREMENT=208 DEFAULT CHARSET=utf8mb4 COLLATE=utf8mb4_0900_ai_ci ROW_FORMAT=DYNAMIC COMMENT='部门表';

-- 正在导出表  txing_oj_ad.sys_dept 的数据：~18 rows (大约)
INSERT INTO `sys_dept` (`dept_id`, `parent_id`, `ancestors`, `dept_name`, `order_num`, `leader`, `phone`, `email`, `status`, `del_flag`, `create_by`, `create_time`, `update_by`, `update_time`) VALUES
                                                                                                                                                                                                     (100, 0, '0', 'Txing编程', 0, 'lizhiwei', '13434618245', '134@163.com', '0', '0', 'admin', '2024-03-18 12:52:16', 'admin', '2024-04-13 20:40:35'),
                                                                                                                                                                                                     (101, 100, '0,100', '深圳总公司', 1, '若依', '15888888888', 'ry@qq.com', '0', '2', 'admin', '2024-03-18 12:52:16', '', NULL),
                                                                                                                                                                                                     (102, 100, '0,100', '长沙分公司', 2, '若依', '15888888888', 'ry@qq.com', '0', '2', 'admin', '2024-03-18 12:52:16', '', NULL),
                                                                                                                                                                                                     (103, 101, '0,100,101', '研发部门', 1, '若依', '15888888888', 'ry@qq.com', '0', '2', 'admin', '2024-03-18 12:52:16', '', NULL),
                                                                                                                                                                                                     (104, 101, '0,100,101', '市场部门', 2, '若依', '15888888888', 'ry@qq.com', '0', '2', 'admin', '2024-03-18 12:52:16', '', NULL),
                                                                                                                                                                                                     (105, 101, '0,100,101', '测试部门', 3, '若依', '15888888888', 'ry@qq.com', '0', '2', 'admin', '2024-03-18 12:52:16', '', NULL),
                                                                                                                                                                                                     (106, 101, '0,100,101', '财务部门', 4, '若依', '15888888888', 'ry@qq.com', '0', '2', 'admin', '2024-03-18 12:52:16', '', NULL),
                                                                                                                                                                                                     (107, 101, '0,100,101', '运维部门', 5, '若依', '15888888888', 'ry@qq.com', '0', '2', 'admin', '2024-03-18 12:52:16', '', NULL),
                                                                                                                                                                                                     (108, 102, '0,100,102', '市场部门', 1, '若依', '15888888888', 'ry@qq.com', '0', '2', 'admin', '2024-03-18 12:52:16', '', NULL),
                                                                                                                                                                                                     (109, 102, '0,100,102', '财务部门', 2, '若依', '15888888888', 'ry@qq.com', '0', '2', 'admin', '2024-03-18 12:52:16', '', NULL),
                                                                                                                                                                                                     (200, 100, '0,100', '文章管理', 0, '张三', NULL, NULL, '0', '0', 'admin', '2024-04-13 20:59:40', '', NULL),
                                                                                                                                                                                                     (201, 100, '0,100', '比赛管理', 0, '李四', NULL, NULL, '0', '0', 'admin', '2024-04-13 20:59:57', '', NULL),
                                                                                                                                                                                                     (202, 100, '0,100', '聊天管理', 0, '王五', NULL, NULL, '0', '0', 'admin', '2024-04-13 21:00:20', '', NULL),
                                                                                                                                                                                                     (203, 100, '0,100', '论坛管理', 0, '赵六', NULL, NULL, '0', '0', 'admin', '2024-04-13 21:00:38', '', NULL),
                                                                                                                                                                                                     (204, 100, '0,100', '竞赛管理', 0, '刘邦', NULL, NULL, '0', '0', 'admin', '2024-04-13 21:00:53', '', NULL),
                                                                                                                                                                                                     (205, 100, '0,100', '课程管理', 0, '无名氏', NULL, NULL, '0', '0', 'admin', '2024-04-13 21:01:33', '', NULL),
                                                                                                                                                                                                     (206, 100, '0,100', '题目管理', 0, '张飞', NULL, NULL, '0', '0', 'admin', '2024-04-13 21:01:59', '', NULL),
                                                                                                                                                                                                     (207, 100, '0,100', '用户管理', 0, '项羽', NULL, NULL, '0', '0', 'admin', '2024-04-13 21:02:18', '', NULL);

-- 导出  表 txing_oj_ad.sys_dict_data 结构
CREATE TABLE IF NOT EXISTS `sys_dict_data` (
                                               `dict_code` bigint NOT NULL AUTO_INCREMENT COMMENT '字典编码',
                                               `dict_sort` int DEFAULT '0' COMMENT '字典排序',
                                               `dict_label` varchar(100) CHARACTER SET utf8mb4 COLLATE utf8mb4_0900_ai_ci DEFAULT '' COMMENT '字典标签',
    `dict_value` varchar(100) CHARACTER SET utf8mb4 COLLATE utf8mb4_0900_ai_ci DEFAULT '' COMMENT '字典键值',
    `dict_type` varchar(100) CHARACTER SET utf8mb4 COLLATE utf8mb4_0900_ai_ci DEFAULT '' COMMENT '字典类型',
    `css_class` varchar(100) CHARACTER SET utf8mb4 COLLATE utf8mb4_0900_ai_ci DEFAULT NULL COMMENT '样式属性（其他样式扩展）',
    `list_class` varchar(100) CHARACTER SET utf8mb4 COLLATE utf8mb4_0900_ai_ci DEFAULT NULL COMMENT '表格回显样式',
    `is_default` char(1) CHARACTER SET utf8mb4 COLLATE utf8mb4_0900_ai_ci DEFAULT 'N' COMMENT '是否默认（Y是 N否）',
    `status` char(1) CHARACTER SET utf8mb4 COLLATE utf8mb4_0900_ai_ci DEFAULT '0' COMMENT '状态（0正常 1停用）',
    `create_by` varchar(64) CHARACTER SET utf8mb4 COLLATE utf8mb4_0900_ai_ci DEFAULT '' COMMENT '创建者',
    `create_time` datetime DEFAULT NULL COMMENT '创建时间',
    `update_by` varchar(64) CHARACTER SET utf8mb4 COLLATE utf8mb4_0900_ai_ci DEFAULT '' COMMENT '更新者',
    `update_time` datetime DEFAULT NULL COMMENT '更新时间',
    `remark` varchar(500) CHARACTER SET utf8mb4 COLLATE utf8mb4_0900_ai_ci DEFAULT NULL COMMENT '备注',
    PRIMARY KEY (`dict_code`) USING BTREE
    ) ENGINE=InnoDB AUTO_INCREMENT=100 DEFAULT CHARSET=utf8mb4 COLLATE=utf8mb4_0900_ai_ci ROW_FORMAT=DYNAMIC COMMENT='字典数据表';

-- 正在导出表  txing_oj_ad.sys_dict_data 的数据：~29 rows (大约)
INSERT INTO `sys_dict_data` (`dict_code`, `dict_sort`, `dict_label`, `dict_value`, `dict_type`, `css_class`, `list_class`, `is_default`, `status`, `create_by`, `create_time`, `update_by`, `update_time`, `remark`) VALUES
                                                                                                                                                                                                                         (1, 1, '男', '0', 'sys_user_sex', '', '', 'Y', '0', 'admin', '2024-03-18 12:52:22', '', NULL, '性别男'),
                                                                                                                                                                                                                         (2, 2, '女', '1', 'sys_user_sex', '', '', 'N', '0', 'admin', '2024-03-18 12:52:22', '', NULL, '性别女'),
                                                                                                                                                                                                                         (3, 3, '未知', '2', 'sys_user_sex', '', '', 'N', '0', 'admin', '2024-03-18 12:52:22', '', NULL, '性别未知'),
                                                                                                                                                                                                                         (4, 1, '显示', '0', 'sys_show_hide', '', 'primary', 'Y', '0', 'admin', '2024-03-18 12:52:22', '', NULL, '显示菜单'),
                                                                                                                                                                                                                         (5, 2, '隐藏', '1', 'sys_show_hide', '', 'danger', 'N', '0', 'admin', '2024-03-18 12:52:22', '', NULL, '隐藏菜单'),
                                                                                                                                                                                                                         (6, 1, '正常', '0', 'sys_normal_disable', '', 'primary', 'Y', '0', 'admin', '2024-03-18 12:52:22', '', NULL, '正常状态'),
                                                                                                                                                                                                                         (7, 2, '停用', '1', 'sys_normal_disable', '', 'danger', 'N', '0', 'admin', '2024-03-18 12:52:22', '', NULL, '停用状态'),
                                                                                                                                                                                                                         (8, 1, '正常', '0', 'sys_job_status', '', 'primary', 'Y', '0', 'admin', '2024-03-18 12:52:22', '', NULL, '正常状态'),
                                                                                                                                                                                                                         (9, 2, '暂停', '1', 'sys_job_status', '', 'danger', 'N', '0', 'admin', '2024-03-18 12:52:22', '', NULL, '停用状态'),
                                                                                                                                                                                                                         (10, 1, '默认', 'DEFAULT', 'sys_job_group', '', '', 'Y', '0', 'admin', '2024-03-18 12:52:22', '', NULL, '默认分组'),
                                                                                                                                                                                                                         (11, 2, '系统', 'SYSTEM', 'sys_job_group', '', '', 'N', '0', 'admin', '2024-03-18 12:52:22', '', NULL, '系统分组'),
                                                                                                                                                                                                                         (12, 1, '是', 'Y', 'sys_yes_no', '', 'primary', 'Y', '0', 'admin', '2024-03-18 12:52:22', '', NULL, '系统默认是'),
                                                                                                                                                                                                                         (13, 2, '否', 'N', 'sys_yes_no', '', 'danger', 'N', '0', 'admin', '2024-03-18 12:52:22', '', NULL, '系统默认否'),
                                                                                                                                                                                                                         (14, 1, '通知', '1', 'sys_notice_type', '', 'warning', 'Y', '0', 'admin', '2024-03-18 12:52:22', '', NULL, '通知'),
                                                                                                                                                                                                                         (15, 2, '公告', '2', 'sys_notice_type', '', 'success', 'N', '0', 'admin', '2024-03-18 12:52:23', '', NULL, '公告'),
                                                                                                                                                                                                                         (16, 1, '正常', '0', 'sys_notice_status', '', 'primary', 'Y', '0', 'admin', '2024-03-18 12:52:23', '', NULL, '正常状态'),
                                                                                                                                                                                                                         (17, 2, '关闭', '1', 'sys_notice_status', '', 'danger', 'N', '0', 'admin', '2024-03-18 12:52:23', '', NULL, '关闭状态'),
                                                                                                                                                                                                                         (18, 99, '其他', '0', 'sys_oper_type', '', 'info', 'N', '0', 'admin', '2024-03-18 12:52:23', '', NULL, '其他操作'),
                                                                                                                                                                                                                         (19, 1, '新增', '1', 'sys_oper_type', '', 'info', 'N', '0', 'admin', '2024-03-18 12:52:23', '', NULL, '新增操作'),
                                                                                                                                                                                                                         (20, 2, '修改', '2', 'sys_oper_type', '', 'info', 'N', '0', 'admin', '2024-03-18 12:52:23', '', NULL, '修改操作'),
                                                                                                                                                                                                                         (21, 3, '删除', '3', 'sys_oper_type', '', 'danger', 'N', '0', 'admin', '2024-03-18 12:52:23', '', NULL, '删除操作'),
                                                                                                                                                                                                                         (22, 4, '授权', '4', 'sys_oper_type', '', 'primary', 'N', '0', 'admin', '2024-03-18 12:52:23', '', NULL, '授权操作'),
                                                                                                                                                                                                                         (23, 5, '导出', '5', 'sys_oper_type', '', 'warning', 'N', '0', 'admin', '2024-03-18 12:52:23', '', NULL, '导出操作'),
                                                                                                                                                                                                                         (24, 6, '导入', '6', 'sys_oper_type', '', 'warning', 'N', '0', 'admin', '2024-03-18 12:52:23', '', NULL, '导入操作'),
                                                                                                                                                                                                                         (25, 7, '强退', '7', 'sys_oper_type', '', 'danger', 'N', '0', 'admin', '2024-03-18 12:52:23', '', NULL, '强退操作'),
                                                                                                                                                                                                                         (26, 8, '生成代码', '8', 'sys_oper_type', '', 'warning', 'N', '0', 'admin', '2024-03-18 12:52:23', '', NULL, '生成操作'),
                                                                                                                                                                                                                         (27, 9, '清空数据', '9', 'sys_oper_type', '', 'danger', 'N', '0', 'admin', '2024-03-18 12:52:23', '', NULL, '清空操作'),
                                                                                                                                                                                                                         (28, 1, '成功', '0', 'sys_common_status', '', 'primary', 'N', '0', 'admin', '2024-03-18 12:52:23', '', NULL, '正常状态'),
                                                                                                                                                                                                                         (29, 2, '失败', '1', 'sys_common_status', '', 'danger', 'N', '0', 'admin', '2024-03-18 12:52:23', '', NULL, '停用状态');

-- 导出  表 txing_oj_ad.sys_dict_type 结构
CREATE TABLE IF NOT EXISTS `sys_dict_type` (
                                               `dict_id` bigint NOT NULL AUTO_INCREMENT COMMENT '字典主键',
                                               `dict_name` varchar(100) CHARACTER SET utf8mb4 COLLATE utf8mb4_0900_ai_ci DEFAULT '' COMMENT '字典名称',
    `dict_type` varchar(100) CHARACTER SET utf8mb4 COLLATE utf8mb4_0900_ai_ci DEFAULT '' COMMENT '字典类型',
    `status` char(1) CHARACTER SET utf8mb4 COLLATE utf8mb4_0900_ai_ci DEFAULT '0' COMMENT '状态（0正常 1停用）',
    `create_by` varchar(64) CHARACTER SET utf8mb4 COLLATE utf8mb4_0900_ai_ci DEFAULT '' COMMENT '创建者',
    `create_time` datetime DEFAULT NULL COMMENT '创建时间',
    `update_by` varchar(64) CHARACTER SET utf8mb4 COLLATE utf8mb4_0900_ai_ci DEFAULT '' COMMENT '更新者',
    `update_time` datetime DEFAULT NULL COMMENT '更新时间',
    `remark` varchar(500) CHARACTER SET utf8mb4 COLLATE utf8mb4_0900_ai_ci DEFAULT NULL COMMENT '备注',
    PRIMARY KEY (`dict_id`) USING BTREE,
    UNIQUE KEY `dict_type` (`dict_type`) USING BTREE
    ) ENGINE=InnoDB AUTO_INCREMENT=100 DEFAULT CHARSET=utf8mb4 COLLATE=utf8mb4_0900_ai_ci ROW_FORMAT=DYNAMIC COMMENT='字典类型表';

-- 正在导出表  txing_oj_ad.sys_dict_type 的数据：~10 rows (大约)
INSERT INTO `sys_dict_type` (`dict_id`, `dict_name`, `dict_type`, `status`, `create_by`, `create_time`, `update_by`, `update_time`, `remark`) VALUES
                                                                                                                                                  (1, '用户性别', 'sys_user_sex', '0', 'admin', '2024-03-18 12:52:22', '', NULL, '用户性别列表'),
                                                                                                                                                  (2, '菜单状态', 'sys_show_hide', '0', 'admin', '2024-03-18 12:52:22', '', NULL, '菜单状态列表'),
                                                                                                                                                  (3, '系统开关', 'sys_normal_disable', '0', 'admin', '2024-03-18 12:52:22', '', NULL, '系统开关列表'),
                                                                                                                                                  (4, '任务状态', 'sys_job_status', '0', 'admin', '2024-03-18 12:52:22', '', NULL, '任务状态列表'),
                                                                                                                                                  (5, '任务分组', 'sys_job_group', '0', 'admin', '2024-03-18 12:52:22', '', NULL, '任务分组列表'),
                                                                                                                                                  (6, '系统是否', 'sys_yes_no', '0', 'admin', '2024-03-18 12:52:22', '', NULL, '系统是否列表'),
                                                                                                                                                  (7, '通知类型', 'sys_notice_type', '0', 'admin', '2024-03-18 12:52:22', '', NULL, '通知类型列表'),
                                                                                                                                                  (8, '通知状态', 'sys_notice_status', '0', 'admin', '2024-03-18 12:52:22', '', NULL, '通知状态列表'),
                                                                                                                                                  (9, '操作类型', 'sys_oper_type', '0', 'admin', '2024-03-18 12:52:22', '', NULL, '操作类型列表'),
                                                                                                                                                  (10, '系统状态', 'sys_common_status', '0', 'admin', '2024-03-18 12:52:22', '', NULL, '登录状态列表');

-- 导出  表 txing_oj_ad.sys_logininfor 结构
CREATE TABLE IF NOT EXISTS `sys_logininfor` (
                                                `info_id` bigint NOT NULL AUTO_INCREMENT COMMENT '访问ID',
                                                `user_name` varchar(50) CHARACTER SET utf8mb4 COLLATE utf8mb4_0900_ai_ci DEFAULT '' COMMENT '用户账号',
    `ipaddr` varchar(128) CHARACTER SET utf8mb4 COLLATE utf8mb4_0900_ai_ci DEFAULT '' COMMENT '登录IP地址',
    `login_location` varchar(255) CHARACTER SET utf8mb4 COLLATE utf8mb4_0900_ai_ci DEFAULT '' COMMENT '登录地点',
    `browser` varchar(50) CHARACTER SET utf8mb4 COLLATE utf8mb4_0900_ai_ci DEFAULT '' COMMENT '浏览器类型',
    `os` varchar(50) CHARACTER SET utf8mb4 COLLATE utf8mb4_0900_ai_ci DEFAULT '' COMMENT '操作系统',
    `status` char(1) CHARACTER SET utf8mb4 COLLATE utf8mb4_0900_ai_ci DEFAULT '0' COMMENT '登录状态（0成功 1失败）',
    `msg` varchar(255) CHARACTER SET utf8mb4 COLLATE utf8mb4_0900_ai_ci DEFAULT '' COMMENT '提示消息',
    `login_time` datetime DEFAULT NULL COMMENT '访问时间',
    PRIMARY KEY (`info_id`) USING BTREE,
    KEY `idx_sys_logininfor_s` (`status`) USING BTREE,
    KEY `idx_sys_logininfor_lt` (`login_time`) USING BTREE
    ) ENGINE=InnoDB AUTO_INCREMENT=413 DEFAULT CHARSET=utf8mb4 COLLATE=utf8mb4_0900_ai_ci ROW_FORMAT=DYNAMIC COMMENT='系统访问记录';


-- 导出  表 txing_oj_ad.sys_menu 结构
CREATE TABLE IF NOT EXISTS `sys_menu` (
                                          `menu_id` bigint NOT NULL AUTO_INCREMENT COMMENT '菜单ID',
                                          `menu_name` varchar(50) CHARACTER SET utf8mb4 COLLATE utf8mb4_0900_ai_ci NOT NULL COMMENT '菜单名称',
    `parent_id` bigint DEFAULT '0' COMMENT '父菜单ID',
    `order_num` int DEFAULT '0' COMMENT '显示顺序',
    `path` varchar(200) CHARACTER SET utf8mb4 COLLATE utf8mb4_0900_ai_ci DEFAULT '' COMMENT '路由地址',
    `component` varchar(255) CHARACTER SET utf8mb4 COLLATE utf8mb4_0900_ai_ci DEFAULT NULL COMMENT '组件路径',
    `query` varchar(255) CHARACTER SET utf8mb4 COLLATE utf8mb4_0900_ai_ci DEFAULT NULL COMMENT '路由参数',
    `is_frame` int DEFAULT '1' COMMENT '是否为外链（0是 1否）',
    `is_cache` int DEFAULT '0' COMMENT '是否缓存（0缓存 1不缓存）',
    `menu_type` char(1) CHARACTER SET utf8mb4 COLLATE utf8mb4_0900_ai_ci DEFAULT '' COMMENT '菜单类型（M目录 C菜单 F按钮）',
    `visible` char(1) CHARACTER SET utf8mb4 COLLATE utf8mb4_0900_ai_ci DEFAULT '0' COMMENT '菜单状态（0显示 1隐藏）',
    `status` char(1) CHARACTER SET utf8mb4 COLLATE utf8mb4_0900_ai_ci DEFAULT '0' COMMENT '菜单状态（0正常 1停用）',
    `perms` varchar(100) CHARACTER SET utf8mb4 COLLATE utf8mb4_0900_ai_ci DEFAULT NULL COMMENT '权限标识',
    `icon` varchar(100) CHARACTER SET utf8mb4 COLLATE utf8mb4_0900_ai_ci DEFAULT '#' COMMENT '菜单图标',
    `create_by` varchar(64) CHARACTER SET utf8mb4 COLLATE utf8mb4_0900_ai_ci DEFAULT '' COMMENT '创建者',
    `create_time` datetime DEFAULT NULL COMMENT '创建时间',
    `update_by` varchar(64) CHARACTER SET utf8mb4 COLLATE utf8mb4_0900_ai_ci DEFAULT '' COMMENT '更新者',
    `update_time` datetime DEFAULT NULL COMMENT '更新时间',
    `remark` varchar(500) CHARACTER SET utf8mb4 COLLATE utf8mb4_0900_ai_ci DEFAULT '' COMMENT '备注',
    PRIMARY KEY (`menu_id`) USING BTREE
    ) ENGINE=InnoDB AUTO_INCREMENT=2026 DEFAULT CHARSET=utf8mb4 COLLATE=utf8mb4_0900_ai_ci ROW_FORMAT=DYNAMIC COMMENT='菜单权限表';

-- 正在导出表  txing_oj_ad.sys_menu 的数据：~77 rows (大约)
INSERT INTO `sys_menu` (`menu_id`, `menu_name`, `parent_id`, `order_num`, `path`, `component`, `query`, `is_frame`, `is_cache`, `menu_type`, `visible`, `status`, `perms`, `icon`, `create_by`, `create_time`, `update_by`, `update_time`, `remark`) VALUES
                                                                                                                                                                                                                                                         (1, '系统管理', 0, 1, 'system', NULL, '', 1, 0, 'M', '0', '0', '', 'system1', 'admin', '2024-03-18 12:52:17', 'admin', '2024-04-15 13:53:57', '系统管理目录'),
                                                                                                                                                                                                                                                         (3, '系统工具', 0, 3, 'tool', NULL, '', 1, 0, 'M', '1', '0', '', 'tool', 'admin', '2024-03-18 12:52:17', 'admin', '2024-04-15 13:34:39', '系统工具目录'),
                                                                                                                                                                                                                                                         (100, '用户管理', 1, 1, 'user', 'system/user/index', '', 1, 0, 'C', '0', '0', 'system:user:list', 'user1', 'admin', '2024-03-18 12:52:17', 'admin', '2024-04-15 13:54:14', '用户管理菜单'),
                                                                                                                                                                                                                                                         (101, '角色管理', 1, 2, 'role', 'system/role/index', '', 1, 0, 'C', '0', '0', 'system:role:list', 'role', 'admin', '2024-03-18 12:52:17', 'admin', '2024-04-15 13:54:25', '角色管理菜单'),
                                                                                                                                                                                                                                                         (102, '菜单管理', 1, 3, 'menu', 'system/menu/index', '', 1, 0, 'C', '0', '0', 'system:menu:list', 'menu', 'admin', '2024-03-18 12:52:17', 'admin', '2024-04-15 13:54:34', '菜单管理菜单'),
                                                                                                                                                                                                                                                         (103, '部门管理', 1, 4, 'dept', 'system/dept/index', '', 1, 0, 'C', '0', '0', 'system:dept:list', 'dept', 'admin', '2024-03-18 12:52:17', 'admin', '2024-04-15 13:54:47', '部门管理菜单'),
                                                                                                                                                                                                                                                         (104, '岗位管理', 1, 5, 'post', 'system/post/index', '', 1, 0, 'C', '0', '0', 'system:post:list', 'post1', 'admin', '2024-03-18 12:52:17', 'admin', '2024-04-15 13:54:54', '岗位管理菜单'),
                                                                                                                                                                                                                                                         (105, '字典管理', 1, 6, 'dict', 'system/dict/index', '', 1, 0, 'C', '0', '0', 'system:dict:list', 'dict1', 'admin', '2024-03-18 12:52:17', 'admin', '2024-04-15 13:55:03', '字典管理菜单'),
                                                                                                                                                                                                                                                         (106, '参数设置', 1, 7, 'config', 'system/config/index', '', 1, 0, 'C', '0', '0', 'system:config:list', 'param', 'admin', '2024-03-18 12:52:17', 'admin', '2024-04-15 13:55:14', '参数设置菜单'),
                                                                                                                                                                                                                                                         (108, '日志管理', 1, 9, 'log', '', '', 1, 0, 'M', '0', '0', '', 'log1', 'admin', '2024-03-18 12:52:17', 'admin', '2024-04-15 13:55:22', '日志管理菜单'),
                                                                                                                                                                                                                                                         (116, '代码生成', 3, 2, 'gen', 'tool/gen/index', '', 1, 0, 'C', '0', '0', 'tool:gen:list', 'code', 'admin', '2024-03-18 12:52:18', '', NULL, '代码生成菜单'),
                                                                                                                                                                                                                                                         (117, '系统接口', 3, 3, 'swagger', 'tool/swagger/index', '', 1, 0, 'C', '0', '0', 'tool:swagger:list', 'swagger', 'admin', '2024-03-18 12:52:18', '', NULL, '系统接口菜单'),
                                                                                                                                                                                                                                                         (500, '操作日志', 108, 1, 'operlog', 'monitor/operlog/index', '', 1, 0, 'C', '0', '0', 'monitor:operlog:list', 'ops', 'admin', '2024-03-18 12:52:18', 'admin', '2024-04-15 14:08:33', '操作日志菜单'),
                                                                                                                                                                                                                                                         (501, '登录日志', 108, 2, 'logininfor', 'monitor/logininfor/index', '', 1, 0, 'C', '0', '0', 'monitor:logininfor:list', 'login', 'admin', '2024-03-18 12:52:18', 'admin', '2024-04-15 14:08:46', '登录日志菜单'),
                                                                                                                                                                                                                                                         (1000, '用户查询', 100, 1, '', '', '', 1, 0, 'F', '0', '0', 'system:user:query', '#', 'admin', '2024-03-18 12:52:18', '', NULL, ''),
                                                                                                                                                                                                                                                         (1001, '用户新增', 100, 2, '', '', '', 1, 0, 'F', '0', '0', 'system:user:add', '#', 'admin', '2024-03-18 12:52:18', '', NULL, ''),
                                                                                                                                                                                                                                                         (1002, '用户修改', 100, 3, '', '', '', 1, 0, 'F', '0', '0', 'system:user:edit', '#', 'admin', '2024-03-18 12:52:18', '', NULL, ''),
                                                                                                                                                                                                                                                         (1003, '用户删除', 100, 4, '', '', '', 1, 0, 'F', '0', '0', 'system:user:remove', '#', 'admin', '2024-03-18 12:52:18', '', NULL, ''),
                                                                                                                                                                                                                                                         (1004, '用户导出', 100, 5, '', '', '', 1, 0, 'F', '0', '0', 'system:user:export', '#', 'admin', '2024-03-18 12:52:18', '', NULL, ''),
                                                                                                                                                                                                                                                         (1005, '用户导入', 100, 6, '', '', '', 1, 0, 'F', '0', '0', 'system:user:import', '#', 'admin', '2024-03-18 12:52:18', '', NULL, ''),
                                                                                                                                                                                                                                                         (1006, '重置密码', 100, 7, '', '', '', 1, 0, 'F', '0', '0', 'system:user:resetPwd', '#', 'admin', '2024-03-18 12:52:18', '', NULL, ''),
                                                                                                                                                                                                                                                         (1007, '角色查询', 101, 1, '', '', '', 1, 0, 'F', '0', '0', 'system:role:query', '#', 'admin', '2024-03-18 12:52:18', '', NULL, ''),
                                                                                                                                                                                                                                                         (1008, '角色新增', 101, 2, '', '', '', 1, 0, 'F', '0', '0', 'system:role:add', '#', 'admin', '2024-03-18 12:52:18', '', NULL, ''),
                                                                                                                                                                                                                                                         (1009, '角色修改', 101, 3, '', '', '', 1, 0, 'F', '0', '0', 'system:role:edit', '#', 'admin', '2024-03-18 12:52:18', '', NULL, ''),
                                                                                                                                                                                                                                                         (1010, '角色删除', 101, 4, '', '', '', 1, 0, 'F', '0', '0', 'system:role:remove', '#', 'admin', '2024-03-18 12:52:18', '', NULL, ''),
                                                                                                                                                                                                                                                         (1011, '角色导出', 101, 5, '', '', '', 1, 0, 'F', '0', '0', 'system:role:export', '#', 'admin', '2024-03-18 12:52:18', '', NULL, ''),
                                                                                                                                                                                                                                                         (1012, '菜单查询', 102, 1, '', '', '', 1, 0, 'F', '0', '0', 'system:menu:query', '#', 'admin', '2024-03-18 12:52:18', '', NULL, ''),
                                                                                                                                                                                                                                                         (1013, '菜单新增', 102, 2, '', '', '', 1, 0, 'F', '0', '0', 'system:menu:add', '#', 'admin', '2024-03-18 12:52:18', '', NULL, ''),
                                                                                                                                                                                                                                                         (1014, '菜单修改', 102, 3, '', '', '', 1, 0, 'F', '0', '0', 'system:menu:edit', '#', 'admin', '2024-03-18 12:52:18', '', NULL, ''),
                                                                                                                                                                                                                                                         (1015, '菜单删除', 102, 4, '', '', '', 1, 0, 'F', '0', '0', 'system:menu:remove', '#', 'admin', '2024-03-18 12:52:18', '', NULL, ''),
                                                                                                                                                                                                                                                         (1016, '部门查询', 103, 1, '', '', '', 1, 0, 'F', '0', '0', 'system:dept:query', '#', 'admin', '2024-03-18 12:52:18', '', NULL, ''),
                                                                                                                                                                                                                                                         (1017, '部门新增', 103, 2, '', '', '', 1, 0, 'F', '0', '0', 'system:dept:add', '#', 'admin', '2024-03-18 12:52:18', '', NULL, ''),
                                                                                                                                                                                                                                                         (1018, '部门修改', 103, 3, '', '', '', 1, 0, 'F', '0', '0', 'system:dept:edit', '#', 'admin', '2024-03-18 12:52:18', '', NULL, ''),
                                                                                                                                                                                                                                                         (1019, '部门删除', 103, 4, '', '', '', 1, 0, 'F', '0', '0', 'system:dept:remove', '#', 'admin', '2024-03-18 12:52:18', '', NULL, ''),
                                                                                                                                                                                                                                                         (1020, '岗位查询', 104, 1, '', '', '', 1, 0, 'F', '0', '0', 'system:post:query', '#', 'admin', '2024-03-18 12:52:18', '', NULL, ''),
                                                                                                                                                                                                                                                         (1021, '岗位新增', 104, 2, '', '', '', 1, 0, 'F', '0', '0', 'system:post:add', '#', 'admin', '2024-03-18 12:52:18', '', NULL, ''),
                                                                                                                                                                                                                                                         (1022, '岗位修改', 104, 3, '', '', '', 1, 0, 'F', '0', '0', 'system:post:edit', '#', 'admin', '2024-03-18 12:52:18', '', NULL, ''),
                                                                                                                                                                                                                                                         (1023, '岗位删除', 104, 4, '', '', '', 1, 0, 'F', '0', '0', 'system:post:remove', '#', 'admin', '2024-03-18 12:52:18', '', NULL, ''),
                                                                                                                                                                                                                                                         (1024, '岗位导出', 104, 5, '', '', '', 1, 0, 'F', '0', '0', 'system:post:export', '#', 'admin', '2024-03-18 12:52:18', '', NULL, ''),
                                                                                                                                                                                                                                                         (1025, '字典查询', 105, 1, '#', '', '', 1, 0, 'F', '0', '0', 'system:dict:query', '#', 'admin', '2024-03-18 12:52:18', '', NULL, ''),
                                                                                                                                                                                                                                                         (1026, '字典新增', 105, 2, '#', '', '', 1, 0, 'F', '0', '0', 'system:dict:add', '#', 'admin', '2024-03-18 12:52:18', '', NULL, ''),
                                                                                                                                                                                                                                                         (1027, '字典修改', 105, 3, '#', '', '', 1, 0, 'F', '0', '0', 'system:dict:edit', '#', 'admin', '2024-03-18 12:52:18', '', NULL, ''),
                                                                                                                                                                                                                                                         (1028, '字典删除', 105, 4, '#', '', '', 1, 0, 'F', '0', '0', 'system:dict:remove', '#', 'admin', '2024-03-18 12:52:19', '', NULL, ''),
                                                                                                                                                                                                                                                         (1029, '字典导出', 105, 5, '#', '', '', 1, 0, 'F', '0', '0', 'system:dict:export', '#', 'admin', '2024-03-18 12:52:19', '', NULL, ''),
                                                                                                                                                                                                                                                         (1030, '参数查询', 106, 1, '#', '', '', 1, 0, 'F', '0', '0', 'system:config:query', '#', 'admin', '2024-03-18 12:52:19', '', NULL, ''),
                                                                                                                                                                                                                                                         (1031, '参数新增', 106, 2, '#', '', '', 1, 0, 'F', '0', '0', 'system:config:add', '#', 'admin', '2024-03-18 12:52:19', '', NULL, ''),
                                                                                                                                                                                                                                                         (1032, '参数修改', 106, 3, '#', '', '', 1, 0, 'F', '0', '0', 'system:config:edit', '#', 'admin', '2024-03-18 12:52:19', '', NULL, ''),
                                                                                                                                                                                                                                                         (1033, '参数删除', 106, 4, '#', '', '', 1, 0, 'F', '0', '0', 'system:config:remove', '#', 'admin', '2024-03-18 12:52:19', '', NULL, ''),
                                                                                                                                                                                                                                                         (1034, '参数导出', 106, 5, '#', '', '', 1, 0, 'F', '0', '0', 'system:config:export', '#', 'admin', '2024-03-18 12:52:19', '', NULL, ''),
                                                                                                                                                                                                                                                         (1039, '操作查询', 500, 1, '#', '', '', 1, 0, 'F', '0', '0', 'monitor:operlog:query', '#', 'admin', '2024-03-18 12:52:19', '', NULL, ''),
                                                                                                                                                                                                                                                         (1040, '操作删除', 500, 2, '#', '', '', 1, 0, 'F', '0', '0', 'monitor:operlog:remove', '#', 'admin', '2024-03-18 12:52:19', '', NULL, ''),
                                                                                                                                                                                                                                                         (1041, '日志导出', 500, 3, '#', '', '', 1, 0, 'F', '0', '0', 'monitor:operlog:export', '#', 'admin', '2024-03-18 12:52:19', '', NULL, ''),
                                                                                                                                                                                                                                                         (1042, '登录查询', 501, 1, '#', '', '', 1, 0, 'F', '0', '0', 'monitor:logininfor:query', '#', 'admin', '2024-03-18 12:52:19', '', NULL, ''),
                                                                                                                                                                                                                                                         (1043, '登录删除', 501, 2, '#', '', '', 1, 0, 'F', '0', '0', 'monitor:logininfor:remove', '#', 'admin', '2024-03-18 12:52:19', '', NULL, ''),
                                                                                                                                                                                                                                                         (1044, '日志导出', 501, 3, '#', '', '', 1, 0, 'F', '0', '0', 'monitor:logininfor:export', '#', 'admin', '2024-03-18 12:52:19', '', NULL, ''),
                                                                                                                                                                                                                                                         (1045, '账户解锁', 501, 4, '#', '', '', 1, 0, 'F', '0', '0', 'monitor:logininfor:unlock', '#', 'admin', '2024-03-18 12:52:19', '', NULL, ''),
                                                                                                                                                                                                                                                         (1055, '生成查询', 116, 1, '#', '', '', 1, 0, 'F', '0', '0', 'tool:gen:query', '#', 'admin', '2024-03-18 12:52:19', '', NULL, ''),
                                                                                                                                                                                                                                                         (1056, '生成修改', 116, 2, '#', '', '', 1, 0, 'F', '0', '0', 'tool:gen:edit', '#', 'admin', '2024-03-18 12:52:19', '', NULL, ''),
                                                                                                                                                                                                                                                         (1057, '生成删除', 116, 3, '#', '', '', 1, 0, 'F', '0', '0', 'tool:gen:remove', '#', 'admin', '2024-03-18 12:52:19', '', NULL, ''),
                                                                                                                                                                                                                                                         (1058, '导入代码', 116, 4, '#', '', '', 1, 0, 'F', '0', '0', 'tool:gen:import', '#', 'admin', '2024-03-18 12:52:19', '', NULL, ''),
                                                                                                                                                                                                                                                         (1059, '预览代码', 116, 5, '#', '', '', 1, 0, 'F', '0', '0', 'tool:gen:preview', '#', 'admin', '2024-03-18 12:52:19', '', NULL, ''),
                                                                                                                                                                                                                                                         (1060, '生成代码', 116, 6, '#', '', '', 1, 0, 'F', '0', '0', 'tool:gen:code', '#', 'admin', '2024-03-18 12:52:19', '', NULL, ''),
                                                                                                                                                                                                                                                         (2004, '题目管理', 0, 1, 'oj/question/center', 'oj/question/index', NULL, 1, 0, 'C', '0', '0', 'oj:question:list', 'question', 'admin', '2024-04-02 12:30:55', 'admin', '2024-04-15 19:40:48', ''),
                                                                                                                                                                                                                                                         (2005, '竞赛管理', 0, 1, 'match', NULL, NULL, 1, 0, 'M', '0', '0', NULL, 'trophy', 'admin', '2024-04-02 12:31:57', '', NULL, ''),
                                                                                                                                                                                                                                                         (2006, '课程管理', 0, 1, 'course/center2', 'oj/course/index', NULL, 1, 0, 'C', '0', '0', 'oj:course:list', 'video', 'admin', '2024-04-02 12:32:26', 'admin', '2024-04-14 22:44:19', ''),
                                                                                                                                                                                                                                                         (2007, '论坛管理', 0, 1, 'forum/topic/center', 'oj/forum/index', NULL, 1, 0, 'C', '0', '0', 'oj:forum:list', 'forum', 'admin', '2024-04-02 12:32:49', 'admin', '2024-04-15 20:11:56', ''),
                                                                                                                                                                                                                                                         (2008, '聊天管理', 0, 1, '/chat', NULL, NULL, 1, 0, 'M', '0', '0', '', 'chat', 'admin', '2024-04-02 12:33:08', 'admin', '2024-04-07 19:27:49', ''),
                                                                                                                                                                                                                                                         (2009, '文章管理', 0, 1, 'article/post/center', 'oj/post/index', NULL, 1, 0, 'C', '0', '0', 'oj:post:list', 'article', 'admin', '2024-04-02 12:33:39', 'admin', '2024-04-15 20:29:35', ''),
                                                                                                                                                                                                                                                         (2010, '用户管理', 0, 1, 'user/manager/center', 'oj/user/index', NULL, 1, 0, 'C', '0', '0', 'oj:user:list', 'myself', 'admin', '2024-04-02 12:34:00', 'admin', '2024-04-15 20:34:50', ''),
                                                                                                                                                                                                                                                         (2012, '添加题目', 0, 1, 'oj/question/add', 'oj/question/add/index', NULL, 1, 0, 'C', '1', '0', 'oj:question:add', '#', 'admin', '2024-04-02 16:35:50', 'admin', '2024-04-14 21:46:38', ''),
                                                                                                                                                                                                                                                         (2014, '修改题目', 0, 1, 'oj/question/update', 'oj/question/add/index', NULL, 1, 0, 'C', '1', '0', 'oj:question:update', '#', 'admin', '2024-04-03 02:03:30', 'admin', '2024-04-15 19:49:09', ''),
                                                                                                                                                                                                                                                         (2018, '课程播放', 0, 1, 'course/play', 'oj/course/courseVideoPlay/index', NULL, 1, 0, 'C', '1', '0', '', '#', 'admin', '2024-04-06 15:03:10', 'admin', '2024-04-14 22:50:06', ''),
                                                                                                                                                                                                                                                         (2020, '展示文章', 0, 1, 'article/post/view', 'oj/post/postview/index', NULL, 1, 0, 'C', '1', '0', 'article:post:view', '#', 'admin', '2024-04-06 20:08:17', 'admin', '2024-04-14 21:48:12', ''),
                                                                                                                                                                                                                                                         (2022, '群聊管理', 2008, 1, 'room/group', 'oj/room/index', NULL, 1, 0, 'C', '0', '0', 'oj:room:list', 'group', 'admin', '2024-04-07 19:16:55', 'admin', '2024-04-15 20:23:21', ''),
                                                                                                                                                                                                                                                         (2023, '私聊管理', 2008, 1, 'room/friend', 'oj/room/friend/index', NULL, 1, 0, 'C', '0', '0', 'oj:room:list', 'friend', 'admin', '2024-04-07 21:19:04', 'admin', '2024-04-15 20:23:27', ''),
                                                                                                                                                                                                                                                         (2024, '周赛管理', 2005, 1, 'week/center', 'oj/match/weekMatch/index', NULL, 1, 0, 'C', '0', '0', 'oj:weekMatch:list', 'week', 'admin', '2024-04-07 22:51:34', 'admin', '2024-04-14 22:40:41', ''),
                                                                                                                                                                                                                                                         (2025, 'PK管理', 2005, 1, 'pk/center', 'oj/match/onlinepk/index', NULL, 1, 0, 'C', '0', '0', 'oj:onlinepk:list', 'pk', 'admin', '2024-04-08 10:58:39', 'admin', '2024-04-15 20:02:04', '');

-- 导出  表 txing_oj_ad.sys_oper_log 结构
CREATE TABLE IF NOT EXISTS `sys_oper_log` (
                                              `oper_id` bigint NOT NULL AUTO_INCREMENT COMMENT '日志主键',
                                              `title` varchar(50) CHARACTER SET utf8mb4 COLLATE utf8mb4_0900_ai_ci DEFAULT '' COMMENT '模块标题',
    `business_type` int DEFAULT '0' COMMENT '业务类型（0其它 1新增 2修改 3删除）',
    `method` varchar(100) CHARACTER SET utf8mb4 COLLATE utf8mb4_0900_ai_ci DEFAULT '' COMMENT '方法名称',
    `request_method` varchar(10) CHARACTER SET utf8mb4 COLLATE utf8mb4_0900_ai_ci DEFAULT '' COMMENT '请求方式',
    `operator_type` int DEFAULT '0' COMMENT '操作类别（0其它 1后台用户 2手机端用户）',
    `oper_name` varchar(50) CHARACTER SET utf8mb4 COLLATE utf8mb4_0900_ai_ci DEFAULT '' COMMENT '操作人员',
    `dept_name` varchar(50) CHARACTER SET utf8mb4 COLLATE utf8mb4_0900_ai_ci DEFAULT '' COMMENT '部门名称',
    `oper_url` varchar(255) CHARACTER SET utf8mb4 COLLATE utf8mb4_0900_ai_ci DEFAULT '' COMMENT '请求URL',
    `oper_ip` varchar(128) CHARACTER SET utf8mb4 COLLATE utf8mb4_0900_ai_ci DEFAULT '' COMMENT '主机地址',
    `oper_location` varchar(255) CHARACTER SET utf8mb4 COLLATE utf8mb4_0900_ai_ci DEFAULT '' COMMENT '操作地点',
    `oper_param` varchar(2000) CHARACTER SET utf8mb4 COLLATE utf8mb4_0900_ai_ci DEFAULT '' COMMENT '请求参数',
    `json_result` varchar(2000) CHARACTER SET utf8mb4 COLLATE utf8mb4_0900_ai_ci DEFAULT '' COMMENT '返回参数',
    `status` int DEFAULT '0' COMMENT '操作状态（0正常 1异常）',
    `error_msg` varchar(2000) CHARACTER SET utf8mb4 COLLATE utf8mb4_0900_ai_ci DEFAULT '' COMMENT '错误消息',
    `oper_time` datetime DEFAULT NULL COMMENT '操作时间',
    `cost_time` bigint DEFAULT '0' COMMENT '消耗时间',
    PRIMARY KEY (`oper_id`) USING BTREE,
    KEY `idx_sys_oper_log_bt` (`business_type`) USING BTREE,
    KEY `idx_sys_oper_log_s` (`status`) USING BTREE,
    KEY `idx_sys_oper_log_ot` (`oper_time`) USING BTREE
    ) ENGINE=InnoDB AUTO_INCREMENT=607 DEFAULT CHARSET=utf8mb4 COLLATE=utf8mb4_0900_ai_ci ROW_FORMAT=DYNAMIC COMMENT='操作日志记录';


-- 导出  表 txing_oj_ad.sys_post 结构
CREATE TABLE IF NOT EXISTS `sys_post` (
                                          `post_id` bigint NOT NULL AUTO_INCREMENT COMMENT '岗位ID',
                                          `post_code` varchar(64) CHARACTER SET utf8mb4 COLLATE utf8mb4_0900_ai_ci NOT NULL COMMENT '岗位编码',
    `post_name` varchar(50) CHARACTER SET utf8mb4 COLLATE utf8mb4_0900_ai_ci NOT NULL COMMENT '岗位名称',
    `post_sort` int NOT NULL COMMENT '显示顺序',
    `status` char(1) CHARACTER SET utf8mb4 COLLATE utf8mb4_0900_ai_ci NOT NULL COMMENT '状态（0正常 1停用）',
    `create_by` varchar(64) CHARACTER SET utf8mb4 COLLATE utf8mb4_0900_ai_ci DEFAULT '' COMMENT '创建者',
    `create_time` datetime DEFAULT NULL COMMENT '创建时间',
    `update_by` varchar(64) CHARACTER SET utf8mb4 COLLATE utf8mb4_0900_ai_ci DEFAULT '' COMMENT '更新者',
    `update_time` datetime DEFAULT NULL COMMENT '更新时间',
    `remark` varchar(500) CHARACTER SET utf8mb4 COLLATE utf8mb4_0900_ai_ci DEFAULT NULL COMMENT '备注',
    PRIMARY KEY (`post_id`) USING BTREE
    ) ENGINE=InnoDB AUTO_INCREMENT=12 DEFAULT CHARSET=utf8mb4 COLLATE=utf8mb4_0900_ai_ci ROW_FORMAT=DYNAMIC COMMENT='岗位信息表';

-- 正在导出表  txing_oj_ad.sys_post 的数据：~8 rows (大约)
INSERT INTO `sys_post` (`post_id`, `post_code`, `post_name`, `post_sort`, `status`, `create_by`, `create_time`, `update_by`, `update_time`, `remark`) VALUES
                                                                                                                                                          (1, 'ceo', '董事长', 1, '0', 'admin', '2024-03-18 12:52:17', '', NULL, ''),
                                                                                                                                                          (5, '10000', '文章审核员', 0, '0', 'admin', '2024-04-15 14:11:24', '', NULL, NULL),
                                                                                                                                                          (6, '10001', '课程审核员', 0, '0', 'admin', '2024-04-15 21:24:38', '', NULL, NULL),
                                                                                                                                                          (7, '10002', '用户管理员', 0, '0', 'admin', '2024-04-15 21:24:56', '', NULL, NULL),
                                                                                                                                                          (8, '10003', '聊天室管理员', 0, '0', 'admin', '2024-04-15 21:25:18', '', NULL, NULL),
                                                                                                                                                          (9, '10004', '论坛管理员', 0, '0', 'admin', '2024-04-15 21:25:38', '', NULL, NULL),
                                                                                                                                                          (10, '10005', '竞赛管理员', 0, '0', 'admin', '2024-04-15 21:26:11', '', NULL, NULL),
                                                                                                                                                          (11, '10006', '题目管理员', 0, '0', 'admin', '2024-04-15 21:26:31', '', NULL, NULL);

-- 导出  表 txing_oj_ad.sys_role 结构
CREATE TABLE IF NOT EXISTS `sys_role` (
                                          `role_id` bigint NOT NULL AUTO_INCREMENT COMMENT '角色ID',
                                          `role_name` varchar(30) CHARACTER SET utf8mb4 COLLATE utf8mb4_0900_ai_ci NOT NULL COMMENT '角色名称',
    `role_key` varchar(100) CHARACTER SET utf8mb4 COLLATE utf8mb4_0900_ai_ci NOT NULL COMMENT '角色权限字符串',
    `role_sort` int NOT NULL COMMENT '显示顺序',
    `data_scope` char(1) CHARACTER SET utf8mb4 COLLATE utf8mb4_0900_ai_ci DEFAULT '1' COMMENT '数据范围（1：全部数据权限 2：自定数据权限 3：本部门数据权限 4：本部门及以下数据权限）',
    `menu_check_strictly` tinyint(1) DEFAULT '1' COMMENT '菜单树选择项是否关联显示',
    `dept_check_strictly` tinyint(1) DEFAULT '1' COMMENT '部门树选择项是否关联显示',
    `status` char(1) CHARACTER SET utf8mb4 COLLATE utf8mb4_0900_ai_ci NOT NULL COMMENT '角色状态（0正常 1停用）',
    `del_flag` char(1) CHARACTER SET utf8mb4 COLLATE utf8mb4_0900_ai_ci DEFAULT '0' COMMENT '删除标志（0代表存在 2代表删除）',
    `create_by` varchar(64) CHARACTER SET utf8mb4 COLLATE utf8mb4_0900_ai_ci DEFAULT '' COMMENT '创建者',
    `create_time` datetime DEFAULT NULL COMMENT '创建时间',
    `update_by` varchar(64) CHARACTER SET utf8mb4 COLLATE utf8mb4_0900_ai_ci DEFAULT '' COMMENT '更新者',
    `update_time` datetime DEFAULT NULL COMMENT '更新时间',
    `remark` varchar(500) CHARACTER SET utf8mb4 COLLATE utf8mb4_0900_ai_ci DEFAULT NULL COMMENT '备注',
    PRIMARY KEY (`role_id`) USING BTREE
    ) ENGINE=InnoDB AUTO_INCREMENT=107 DEFAULT CHARSET=utf8mb4 COLLATE=utf8mb4_0900_ai_ci ROW_FORMAT=DYNAMIC COMMENT='角色信息表';

-- 正在导出表  txing_oj_ad.sys_role 的数据：~9 rows (大约)
INSERT INTO `sys_role` (`role_id`, `role_name`, `role_key`, `role_sort`, `data_scope`, `menu_check_strictly`, `dept_check_strictly`, `status`, `del_flag`, `create_by`, `create_time`, `update_by`, `update_time`, `remark`) VALUES
                                                                                                                                                                                                                                 (1, '超级管理员', 'admin', 1, '1', 1, 1, '0', '0', 'admin', '2024-03-18 12:52:17', '', NULL, '超级管理员'),
                                                                                                                                                                                                                                 (2, '普通角色', 'common', 2, '2', 1, 1, '0', '2', 'admin', '2024-03-18 12:52:17', '', NULL, '普通角色'),
                                                                                                                                                                                                                                 (100, 'MatchAdmin', 'matchAdmin', 0, '1', 1, 1, '0', '0', 'admin', '2024-04-14 22:09:18', 'admin', '2024-04-15 20:03:24', NULL),
                                                                                                                                                                                                                                 (101, 'QuestionAdmin', 'QuestionAdmin', 0, '1', 1, 1, '0', '0', 'admin', '2024-04-15 19:38:45', 'admin', '2024-04-15 19:49:24', NULL),
                                                                                                                                                                                                                                 (102, 'CourseAdmin', 'CourseAdmin', 0, '1', 1, 1, '0', '0', 'admin', '2024-04-15 20:05:46', '', NULL, NULL),
                                                                                                                                                                                                                                 (103, 'ForumAdmin', 'ForumAdmin', 0, '1', 1, 1, '0', '0', 'admin', '2024-04-15 20:12:22', '', NULL, NULL),
                                                                                                                                                                                                                                 (104, 'ChatAdmin', 'ChatAdmin', 0, '1', 1, 1, '0', '0', 'admin', '2024-04-15 20:23:57', '', NULL, NULL),
                                                                                                                                                                                                                                 (105, 'ArticleAdmin', 'ArticleAdmin', 0, '1', 1, 1, '0', '0', 'admin', '2024-04-15 20:30:18', '', NULL, NULL),
                                                                                                                                                                                                                                 (106, 'UserAdmin', 'UserAdmin', 0, '1', 1, 1, '0', '0', 'admin', '2024-04-15 20:33:44', '', NULL, NULL);

-- 导出  表 txing_oj_ad.sys_role_dept 结构
CREATE TABLE IF NOT EXISTS `sys_role_dept` (
                                               `role_id` bigint NOT NULL COMMENT '角色ID',
                                               `dept_id` bigint NOT NULL COMMENT '部门ID',
                                               PRIMARY KEY (`role_id`,`dept_id`) USING BTREE
    ) ENGINE=InnoDB DEFAULT CHARSET=utf8mb4 COLLATE=utf8mb4_0900_ai_ci ROW_FORMAT=DYNAMIC COMMENT='角色和部门关联表';

-- 正在导出表  txing_oj_ad.sys_role_dept 的数据：~0 rows (大约)

-- 导出  表 txing_oj_ad.sys_role_menu 结构
CREATE TABLE IF NOT EXISTS `sys_role_menu` (
                                               `role_id` bigint NOT NULL COMMENT '角色ID',
                                               `menu_id` bigint NOT NULL COMMENT '菜单ID',
                                               PRIMARY KEY (`role_id`,`menu_id`) USING BTREE
    ) ENGINE=InnoDB DEFAULT CHARSET=utf8mb4 COLLATE=utf8mb4_0900_ai_ci ROW_FORMAT=DYNAMIC COMMENT='角色和菜单关联表';

-- 正在导出表  txing_oj_ad.sys_role_menu 的数据：~15 rows (大约)
INSERT INTO `sys_role_menu` (`role_id`, `menu_id`) VALUES
                                                       (100, 2005),
                                                       (100, 2024),
                                                       (100, 2025),
                                                       (101, 2004),
                                                       (101, 2012),
                                                       (101, 2014),
                                                       (102, 2006),
                                                       (102, 2018),
                                                       (103, 2007),
                                                       (104, 2008),
                                                       (104, 2022),
                                                       (104, 2023),
                                                       (105, 2009),
                                                       (105, 2020),
                                                       (106, 2010);

-- 导出  表 txing_oj_ad.sys_user 结构
CREATE TABLE IF NOT EXISTS `sys_user` (
                                          `user_id` bigint NOT NULL AUTO_INCREMENT COMMENT '用户ID',
                                          `dept_id` bigint DEFAULT NULL COMMENT '部门ID',
                                          `user_name` varchar(30) CHARACTER SET utf8mb4 COLLATE utf8mb4_0900_ai_ci NOT NULL COMMENT '用户账号',
    `nick_name` varchar(30) CHARACTER SET utf8mb4 COLLATE utf8mb4_0900_ai_ci NOT NULL COMMENT '用户昵称',
    `user_type` varchar(2) CHARACTER SET utf8mb4 COLLATE utf8mb4_0900_ai_ci DEFAULT '00' COMMENT '用户类型（00系统用户）',
    `email` varchar(50) CHARACTER SET utf8mb4 COLLATE utf8mb4_0900_ai_ci DEFAULT '' COMMENT '用户邮箱',
    `phonenumber` varchar(11) CHARACTER SET utf8mb4 COLLATE utf8mb4_0900_ai_ci DEFAULT '' COMMENT '手机号码',
    `sex` char(1) CHARACTER SET utf8mb4 COLLATE utf8mb4_0900_ai_ci DEFAULT '0' COMMENT '用户性别（0男 1女 2未知）',
    `avatar` varchar(100) CHARACTER SET utf8mb4 COLLATE utf8mb4_0900_ai_ci DEFAULT '' COMMENT '头像地址',
    `password` varchar(100) CHARACTER SET utf8mb4 COLLATE utf8mb4_0900_ai_ci DEFAULT '' COMMENT '密码',
    `status` char(1) CHARACTER SET utf8mb4 COLLATE utf8mb4_0900_ai_ci DEFAULT '0' COMMENT '帐号状态（0正常 1停用）',
    `del_flag` char(1) CHARACTER SET utf8mb4 COLLATE utf8mb4_0900_ai_ci DEFAULT '0' COMMENT '删除标志（0代表存在 2代表删除）',
    `login_ip` varchar(128) CHARACTER SET utf8mb4 COLLATE utf8mb4_0900_ai_ci DEFAULT '' COMMENT '最后登录IP',
    `login_date` datetime DEFAULT NULL COMMENT '最后登录时间',
    `create_by` varchar(64) CHARACTER SET utf8mb4 COLLATE utf8mb4_0900_ai_ci DEFAULT '' COMMENT '创建者',
    `create_time` datetime DEFAULT NULL COMMENT '创建时间',
    `update_by` varchar(64) CHARACTER SET utf8mb4 COLLATE utf8mb4_0900_ai_ci DEFAULT '' COMMENT '更新者',
    `update_time` datetime DEFAULT NULL COMMENT '更新时间',
    `remark` varchar(500) CHARACTER SET utf8mb4 COLLATE utf8mb4_0900_ai_ci DEFAULT NULL COMMENT '备注',
    PRIMARY KEY (`user_id`) USING BTREE
    ) ENGINE=InnoDB AUTO_INCREMENT=107 DEFAULT CHARSET=utf8mb4 COLLATE=utf8mb4_0900_ai_ci ROW_FORMAT=DYNAMIC COMMENT='用户信息表';

-- 正在导出表  txing_oj_ad.sys_user 的数据：~9 rows (大约)
INSERT INTO `sys_user` (`user_id`, `dept_id`, `user_name`, `nick_name`, `user_type`, `email`, `phonenumber`, `sex`, `avatar`, `password`, `status`, `del_flag`, `login_ip`, `login_date`, `create_by`, `create_time`, `update_by`, `update_time`, `remark`) VALUES
                                                                                                                                                                                                                                                                (1, 100, 'admin', 'lemon_plus', '00', '123@163.com', '13415233333', '0', '/profile/avatar/2024/12/08/1701615282599_20241208223540A001.jpg', '$2a$10$ybUeuVCz/cMCcE/MReimgusa2xwtCnCPE.cbh2XIdlmo.swaU8JOC', '0', '0', '127.0.0.1', '2025-01-05 15:24:16', 'admin', '2024-03-18 12:52:16', '', '2025-01-05 15:24:16', '管理员'),
                                                                                                                                                                                                                                                                (100, 201, 'lemon', 'lemon', '00', '134@163.com', '', '0', '', '$2a$10$/YmaKqLYSYiZhgm9/zk4YupvjtkXPfSKHxBv5aWBP7eK0zgNhxGaC', '0', '0', '127.0.0.1', '2024-12-08 22:32:13', 'admin', '2024-04-14 22:10:03', 'admin', '2024-12-08 22:32:13', NULL),
                                                                                                                                                                                                                                                                (101, 206, 'lemon1', 'lemon1', '00', '', '', '0', '', '$2a$10$RpbrD7A4K7t5UU68wJQVceHizVHEVrOvlJ/eKVLIGPEpS7QqXIJI2', '0', '0', '127.0.0.1', '2024-04-15 19:49:35', 'admin', '2024-04-15 19:38:10', 'admin', '2024-04-15 21:27:26', NULL),
                                                                                                                                                                                                                                                                (102, 205, 'lemon2', 'lemon2', '00', '', '', '0', '', '$2a$10$2P.P/MHgMgDjkGglOONzwOcrxGc828oXrRDDxndg1m.UpG4Dj4PJ6', '0', '0', '127.0.0.1', '2024-04-15 20:07:17', 'admin', '2024-04-15 20:06:13', 'admin', '2024-04-15 21:27:35', NULL),
                                                                                                                                                                                                                                                                (103, 203, 'lemon3', 'lemon3', '00', '', '', '0', '', '$2a$10$4.Adgr3MnxSX6Ux26j9rTOrujDHhlork9TsbOBX880kCenxsNzXAq', '0', '0', '210.38.241.42', '2024-04-15 21:42:20', 'admin', '2024-04-15 20:13:04', 'admin', '2024-04-15 21:42:19', NULL),
                                                                                                                                                                                                                                                                (104, 202, 'lemon4', 'lemon4', '00', '', '', '0', '', '$2a$10$TMhFqUA0Y8wCg.AiyPo5/uTrnW.axWH7qKUa3/UoI1LLakhrpf8WC', '0', '0', '127.0.0.1', '2024-04-15 20:25:04', 'admin', '2024-04-15 20:24:42', 'admin', '2024-04-15 21:27:49', NULL),
                                                                                                                                                                                                                                                                (105, 200, 'lemon5', 'lemon5', '00', '', '', '0', '', '$2a$10$DwOLeNJigeBi7XZqe4TPDuL0gaMKOdcHG9HOzWrKIszuSBivCmX8S', '0', '0', '127.0.0.1', '2024-04-15 20:31:09', 'admin', '2024-04-15 20:30:50', 'admin', '2024-04-15 21:27:54', NULL),
                                                                                                                                                                                                                                                                (106, 207, 'lemon6', 'lemon6', '00', '', '', '0', '', '$2a$10$5e7.yJSe6DgpANHeLnjmye9SftcudfnXGoSDz34XdPIuB14Nnz5.2', '0', '0', '127.0.0.1', '2024-04-15 20:35:04', 'admin', '2024-04-15 20:33:11', 'admin', '2024-04-15 21:28:00', NULL);

-- 导出  表 txing_oj_ad.sys_user_post 结构
CREATE TABLE IF NOT EXISTS `sys_user_post` (
                                               `user_id` bigint NOT NULL COMMENT '用户ID',
                                               `post_id` bigint NOT NULL COMMENT '岗位ID',
                                               PRIMARY KEY (`user_id`,`post_id`) USING BTREE
    ) ENGINE=InnoDB DEFAULT CHARSET=utf8mb4 COLLATE=utf8mb4_0900_ai_ci ROW_FORMAT=DYNAMIC COMMENT='用户与岗位关联表';

-- 正在导出表  txing_oj_ad.sys_user_post 的数据：~8 rows (大约)
INSERT INTO `sys_user_post` (`user_id`, `post_id`) VALUES
                                                       (1, 1),
                                                       (100, 10),
                                                       (101, 11),
                                                       (102, 6),
                                                       (103, 9),
                                                       (104, 8),
                                                       (105, 5),
                                                       (106, 7);

-- 导出  表 txing_oj_ad.sys_user_role 结构
CREATE TABLE IF NOT EXISTS `sys_user_role` (
                                               `user_id` bigint NOT NULL COMMENT '用户ID',
                                               `role_id` bigint NOT NULL COMMENT '角色ID',
                                               PRIMARY KEY (`user_id`,`role_id`) USING BTREE
    ) ENGINE=InnoDB DEFAULT CHARSET=utf8mb4 COLLATE=utf8mb4_0900_ai_ci ROW_FORMAT=DYNAMIC COMMENT='用户和角色关联表';

-- 正在导出表  txing_oj_ad.sys_user_role 的数据：~8 rows (大约)
INSERT INTO `sys_user_role` (`user_id`, `role_id`) VALUES
                                                       (1, 1),
                                                       (100, 100),
                                                       (101, 101),
                                                       (102, 102),
                                                       (103, 103),
                                                       (104, 104),
                                                       (105, 105),
                                                       (106, 106);

-- 导出 txing_oj_ad 的数据库结构
CREATE DATABASE IF NOT EXISTS `txing_oj_ad` /*!40100 DEFAULT CHARACTER SET utf8mb4 COLLATE utf8mb4_0900_ai_ci */ /*!80016 DEFAULT ENCRYPTION='N' */;
USE `txing_oj_ad`;

-- 导出  表 txing_oj_ad.tx_oj_contact 结构
CREATE TABLE IF NOT EXISTS `tx_oj_contact` (
                                               `id` bigint NOT NULL AUTO_INCREMENT,
                                               `user_id` bigint DEFAULT NULL,
                                               `room_id` bigint DEFAULT NULL,
                                               `read_time` datetime DEFAULT NULL,
                                               `active_time` datetime DEFAULT NULL,
                                               `msg_id` bigint DEFAULT NULL,
                                               `create_time` datetime DEFAULT NULL,
                                               `update_time` datetime DEFAULT NULL,
                                               `is_delete` int DEFAULT '0',
                                               `status` int DEFAULT '0',
                                               PRIMARY KEY (`id`) USING BTREE,
    UNIQUE KEY `roomId_UserId_Index` (`user_id`,`room_id`) USING BTREE
    ) ENGINE=InnoDB AUTO_INCREMENT=571 DEFAULT CHARSET=utf8mb4 COLLATE=utf8mb4_0900_ai_ci ROW_FORMAT=DYNAMIC;

-- 数据导出被取消选择。

-- 导出  表 txing_oj_ad.tx_oj_course_course 结构
CREATE TABLE IF NOT EXISTS `tx_oj_course_course` (
                                                     `id` bigint NOT NULL AUTO_INCREMENT,
                                                     `name` varchar(255) CHARACTER SET utf8mb4 COLLATE utf8mb4_0900_ai_ci DEFAULT NULL,
    `cover_url` varchar(255) CHARACTER SET utf8mb4 COLLATE utf8mb4_0900_ai_ci DEFAULT NULL,
    `times` bigint DEFAULT NULL,
    `nodule_count` int DEFAULT NULL,
    `favour_count` int DEFAULT NULL,
    `user_id` bigint DEFAULT NULL,
    `intro` varchar(255) CHARACTER SET utf8mb4 COLLATE utf8mb4_0900_ai_ci DEFAULT NULL,
    `create_time` datetime DEFAULT NULL,
    `update_time` datetime DEFAULT NULL,
    `is_delete` int DEFAULT '0',
    `status` int DEFAULT '0' COMMENT '0: 等待审核 1：审核通过 2：不通过',
    `remark` varchar(255) CHARACTER SET utf8mb4 COLLATE utf8mb4_0900_ai_ci DEFAULT NULL COMMENT '备注',
    PRIMARY KEY (`id`) USING BTREE
    ) ENGINE=InnoDB AUTO_INCREMENT=15 DEFAULT CHARSET=utf8mb4 COLLATE=utf8mb4_0900_ai_ci ROW_FORMAT=DYNAMIC;

-- 数据导出被取消选择。

-- 导出  表 txing_oj_ad.tx_oj_course_favour 结构
CREATE TABLE IF NOT EXISTS `tx_oj_course_favour` (
                                                     `id` bigint NOT NULL AUTO_INCREMENT,
                                                     `course_id` bigint DEFAULT NULL,
                                                     `user_id` bigint DEFAULT NULL,
                                                     `create_time` datetime DEFAULT NULL,
                                                     `update_time` datetime DEFAULT NULL,
                                                     PRIMARY KEY (`id`) USING BTREE
    ) ENGINE=InnoDB AUTO_INCREMENT=17 DEFAULT CHARSET=utf8mb4 COLLATE=utf8mb4_0900_ai_ci ROW_FORMAT=DYNAMIC;

-- 数据导出被取消选择。

-- 导出  表 txing_oj_ad.tx_oj_course_video 结构
CREATE TABLE IF NOT EXISTS `tx_oj_course_video` (
                                                    `id` bigint NOT NULL AUTO_INCREMENT,
                                                    `course_id` bigint DEFAULT NULL,
                                                    `name` varchar(255) CHARACTER SET utf8mb4 COLLATE utf8mb4_0900_ai_ci DEFAULT NULL,
    `order_no` int DEFAULT NULL,
    `times` bigint DEFAULT NULL,
    `cover_url` varchar(255) CHARACTER SET utf8mb4 COLLATE utf8mb4_0900_ai_ci DEFAULT NULL,
    `video_url` varchar(255) CHARACTER SET utf8mb4 COLLATE utf8mb4_0900_ai_ci DEFAULT NULL,
    `file_id` bigint DEFAULT NULL,
    `create_time` datetime DEFAULT NULL,
    `update_time` datetime DEFAULT NULL,
    `is_delete` int DEFAULT '0',
    `status` int DEFAULT '0',
    `remark` varchar(255) CHARACTER SET utf8mb4 COLLATE utf8mb4_0900_ai_ci DEFAULT NULL,
    PRIMARY KEY (`id`) USING BTREE
    ) ENGINE=InnoDB AUTO_INCREMENT=30 DEFAULT CHARSET=utf8mb4 COLLATE=utf8mb4_0900_ai_ci ROW_FORMAT=DYNAMIC;

-- 数据导出被取消选择。

-- 导出  表 txing_oj_ad.tx_oj_group_member 结构
CREATE TABLE IF NOT EXISTS `tx_oj_group_member` (
                                                    `id` bigint NOT NULL AUTO_INCREMENT,
                                                    `group_id` bigint DEFAULT NULL,
                                                    `user_id` bigint DEFAULT NULL,
                                                    `role` int DEFAULT NULL,
                                                    `create_time` datetime DEFAULT NULL,
                                                    `update_time` datetime DEFAULT NULL,
                                                    `is_delete` int DEFAULT '0',
                                                    PRIMARY KEY (`id`) USING BTREE
    ) ENGINE=InnoDB AUTO_INCREMENT=95 DEFAULT CHARSET=utf8mb4 COLLATE=utf8mb4_0900_ai_ci ROW_FORMAT=DYNAMIC;

-- 数据导出被取消选择。

-- 导出  表 txing_oj_ad.tx_oj_match_onlinepk 结构
CREATE TABLE IF NOT EXISTS `tx_oj_match_onlinepk` (
                                                      `id` bigint NOT NULL AUTO_INCREMENT,
                                                      `user_id1` bigint DEFAULT NULL,
                                                      `user_id2` bigint DEFAULT NULL,
                                                      `start_time` datetime DEFAULT NULL,
                                                      `end_time` datetime DEFAULT NULL,
                                                      `submit_time1` datetime DEFAULT NULL,
                                                      `submit_time2` datetime DEFAULT NULL,
                                                      `submit_id1` bigint DEFAULT NULL,
                                                      `submit_id2` bigint DEFAULT NULL,
                                                      `winner_id` bigint DEFAULT NULL,
                                                      `question_id` bigint DEFAULT NULL,
                                                      `status` int DEFAULT NULL,
                                                      `score1` double DEFAULT NULL,
                                                      `score2` double DEFAULT NULL,
                                                      `create_time` datetime DEFAULT NULL,
                                                      `update_time` datetime DEFAULT NULL,
                                                      `is_delete` int DEFAULT '0',
                                                      PRIMARY KEY (`id`) USING BTREE
    ) ENGINE=InnoDB AUTO_INCREMENT=87 DEFAULT CHARSET=utf8mb4 COLLATE=utf8mb4_0900_ai_ci ROW_FORMAT=DYNAMIC;

-- 数据导出被取消选择。

-- 导出  表 txing_oj_ad.tx_oj_match_submit_relate 结构
CREATE TABLE IF NOT EXISTS `tx_oj_match_submit_relate` (
                                                           `id` bigint NOT NULL AUTO_INCREMENT,
                                                           `match_id` bigint DEFAULT NULL,
                                                           `join_record_id` bigint DEFAULT NULL,
                                                           `user_id` bigint DEFAULT NULL,
                                                           `match_type` int DEFAULT NULL,
                                                           `submit_id` bigint DEFAULT NULL,
                                                           `question_id` bigint DEFAULT NULL,
                                                           `create_time` datetime DEFAULT NULL,
                                                           `update_time` datetime DEFAULT NULL,
                                                           `is_delete` int DEFAULT '0',
                                                           PRIMARY KEY (`id`) USING BTREE
    ) ENGINE=InnoDB AUTO_INCREMENT=697 DEFAULT CHARSET=utf8mb4 COLLATE=utf8mb4_0900_ai_ci ROW_FORMAT=DYNAMIC;

-- 数据导出被取消选择。

-- 导出  表 txing_oj_ad.tx_oj_match_user_relate 结构
CREATE TABLE IF NOT EXISTS `tx_oj_match_user_relate` (
                                                         `id` bigint NOT NULL AUTO_INCREMENT,
                                                         `match_id` bigint DEFAULT NULL,
                                                         `user_id` bigint DEFAULT NULL,
                                                         `join_type` int DEFAULT NULL,
                                                         `grade_rank` int DEFAULT NULL,
                                                         `score` int DEFAULT NULL,
                                                         `judge_status` int DEFAULT NULL,
                                                         `ac_count` int DEFAULT NULL,
                                                         `un_ac_rate_sum` int DEFAULT NULL,
                                                         `start_time` datetime DEFAULT NULL,
                                                         `end_time` datetime DEFAULT NULL,
                                                         `create_time` datetime DEFAULT NULL,
                                                         `update_time` datetime DEFAULT NULL,
                                                         `is_delete` int DEFAULT '0',
                                                         `status` int DEFAULT '0',
                                                         `ac_score` int DEFAULT NULL,
                                                         PRIMARY KEY (`id`) USING BTREE
    ) ENGINE=InnoDB AUTO_INCREMENT=98 DEFAULT CHARSET=utf8mb4 COLLATE=utf8mb4_0900_ai_ci ROW_FORMAT=DYNAMIC;

-- 数据导出被取消选择。

-- 导出  表 txing_oj_ad.tx_oj_match_week 结构
CREATE TABLE IF NOT EXISTS `tx_oj_match_week` (
                                                  `id` bigint NOT NULL AUTO_INCREMENT,
                                                  `name` varchar(255) CHARACTER SET utf8mb4 COLLATE utf8mb4_0900_ai_ci DEFAULT NULL,
    `session_no` int DEFAULT NULL,
    `start_time` datetime DEFAULT NULL,
    `end_time` datetime DEFAULT NULL,
    `status` int DEFAULT NULL,
    `join_count` int DEFAULT NULL,
    `create_time` datetime DEFAULT NULL,
    `update_time` datetime DEFAULT NULL,
    `is_delete` int DEFAULT '0',
    PRIMARY KEY (`id`) USING BTREE
    ) ENGINE=InnoDB AUTO_INCREMENT=25 DEFAULT CHARSET=utf8mb4 COLLATE=utf8mb4_0900_ai_ci ROW_FORMAT=DYNAMIC;

-- 数据导出被取消选择。

-- 导出  表 txing_oj_ad.tx_oj_match_week_question_relate 结构
CREATE TABLE IF NOT EXISTS `tx_oj_match_week_question_relate` (
                                                                  `id` bigint NOT NULL AUTO_INCREMENT,
                                                                  `match_id` bigint DEFAULT NULL,
                                                                  `question_id` bigint DEFAULT NULL,
                                                                  `question_order` int DEFAULT NULL,
                                                                  `create_time` datetime DEFAULT NULL,
                                                                  `update_time` datetime DEFAULT NULL,
                                                                  `is_delete` int DEFAULT '0',
                                                                  PRIMARY KEY (`id`) USING BTREE
    ) ENGINE=InnoDB AUTO_INCREMENT=121 DEFAULT CHARSET=utf8mb4 COLLATE=utf8mb4_0900_ai_ci ROW_FORMAT=DYNAMIC;

-- 数据导出被取消选择。

-- 导出  表 txing_oj_ad.tx_oj_message 结构
CREATE TABLE IF NOT EXISTS `tx_oj_message` (
                                               `id` bigint NOT NULL AUTO_INCREMENT,
                                               `room_id` bigint DEFAULT NULL,
                                               `from_user_id` bigint DEFAULT NULL,
                                               `content` varchar(255) CHARACTER SET utf8mb4 COLLATE utf8mb4_0900_ai_ci DEFAULT NULL,
    `type` int DEFAULT NULL,
    `extra` json DEFAULT NULL,
    `create_time` datetime DEFAULT NULL,
    `update_time` datetime DEFAULT NULL,
    `is_delete` int DEFAULT '0',
    PRIMARY KEY (`id`) USING BTREE
    ) ENGINE=InnoDB AUTO_INCREMENT=412 DEFAULT CHARSET=utf8mb4 COLLATE=utf8mb4_0900_ai_ci ROW_FORMAT=DYNAMIC;

-- 数据导出被取消选择。

-- 导出  表 txing_oj_ad.tx_oj_post 结构
CREATE TABLE IF NOT EXISTS `tx_oj_post` (
                                            `id` bigint NOT NULL AUTO_INCREMENT,
                                            `title` varchar(255) CHARACTER SET utf8mb4 COLLATE utf8mb4_0900_ai_ci DEFAULT NULL,
    `intro` varchar(255) CHARACTER SET utf8mb4 COLLATE utf8mb4_0900_ai_ci DEFAULT NULL,
    `content` varchar(500000) CHARACTER SET utf8mb4 COLLATE utf8mb4_0900_ai_ci DEFAULT NULL,
    `cover_img` varchar(255) CHARACTER SET utf8mb4 COLLATE utf8mb4_0900_ai_ci DEFAULT NULL,
    `tags` varchar(255) CHARACTER SET utf8mb4 COLLATE utf8mb4_0900_ai_ci DEFAULT NULL,
    `thumb_num` int DEFAULT NULL,
    `favour_num` int DEFAULT NULL,
    `comment_num` int DEFAULT NULL,
    `user_id` bigint DEFAULT NULL,
    `create_time` datetime DEFAULT NULL,
    `update_time` datetime DEFAULT NULL,
    `is_delete` int DEFAULT '0',
    `status` int DEFAULT '0',
    `remark` varchar(255) CHARACTER SET utf8mb4 COLLATE utf8mb4_0900_ai_ci DEFAULT NULL COMMENT '备注',
    PRIMARY KEY (`id`) USING BTREE
    ) ENGINE=InnoDB AUTO_INCREMENT=1732114357724684293 DEFAULT CHARSET=utf8mb4 COLLATE=utf8mb4_0900_ai_ci ROW_FORMAT=DYNAMIC;

-- 数据导出被取消选择。

-- 导出  表 txing_oj_ad.tx_oj_post_comment 结构
CREATE TABLE IF NOT EXISTS `tx_oj_post_comment` (
                                                    `id` bigint NOT NULL AUTO_INCREMENT,
                                                    `content` varchar(255) CHARACTER SET utf8mb4 COLLATE utf8mb4_0900_ai_ci DEFAULT NULL,
    `user_id` bigint DEFAULT NULL,
    `post_id` bigint DEFAULT NULL,
    `favour_num` int DEFAULT NULL,
    `create_time` datetime DEFAULT NULL,
    `update_time` datetime DEFAULT NULL,
    `is_delete` int DEFAULT '0',
    PRIMARY KEY (`id`) USING BTREE
    ) ENGINE=InnoDB AUTO_INCREMENT=1732340293715980300 DEFAULT CHARSET=utf8mb4 COLLATE=utf8mb4_0900_ai_ci ROW_FORMAT=DYNAMIC;

-- 数据导出被取消选择。

-- 导出  表 txing_oj_ad.tx_oj_post_favour 结构
CREATE TABLE IF NOT EXISTS `tx_oj_post_favour` (
                                                   `id` bigint NOT NULL AUTO_INCREMENT,
                                                   `post_id` bigint DEFAULT NULL,
                                                   `user_id` bigint DEFAULT NULL,
                                                   `create_time` datetime DEFAULT NULL,
                                                   `update_time` datetime DEFAULT NULL,
                                                   PRIMARY KEY (`id`) USING BTREE
    ) ENGINE=InnoDB AUTO_INCREMENT=1732340340440526853 DEFAULT CHARSET=utf8mb4 COLLATE=utf8mb4_0900_ai_ci ROW_FORMAT=DYNAMIC;

-- 数据导出被取消选择。

-- 导出  表 txing_oj_ad.tx_oj_post_thumb 结构
CREATE TABLE IF NOT EXISTS `tx_oj_post_thumb` (
                                                  `id` bigint NOT NULL AUTO_INCREMENT,
                                                  `post_id` bigint DEFAULT NULL,
                                                  `user_id` bigint DEFAULT NULL,
                                                  `create_time` datetime DEFAULT NULL,
                                                  `update_time` datetime DEFAULT NULL,
                                                  PRIMARY KEY (`id`) USING BTREE
    ) ENGINE=InnoDB AUTO_INCREMENT=1732340342386683912 DEFAULT CHARSET=utf8mb4 COLLATE=utf8mb4_0900_ai_ci ROW_FORMAT=DYNAMIC;

-- 数据导出被取消选择。

-- 导出  表 txing_oj_ad.tx_oj_question 结构
CREATE TABLE IF NOT EXISTS `tx_oj_question` (
                                                `id` bigint NOT NULL AUTO_INCREMENT,
                                                `title` varchar(255) CHARACTER SET utf8mb4 COLLATE utf8mb4_0900_ai_ci DEFAULT NULL,
    `content` varchar(5000) CHARACTER SET utf8mb4 COLLATE utf8mb4_0900_ai_ci DEFAULT NULL,
    `tags` varchar(255) CHARACTER SET utf8mb4 COLLATE utf8mb4_0900_ai_ci DEFAULT NULL,
    `answer` varchar(5000) CHARACTER SET utf8mb4 COLLATE utf8mb4_0900_ai_ci DEFAULT NULL,
    `submit_num` int DEFAULT NULL,
    `accepted_num` int DEFAULT NULL,
    `judge_case` varchar(255) CHARACTER SET utf8mb4 COLLATE utf8mb4_0900_ai_ci DEFAULT NULL,
    `judge_config` varchar(255) CHARACTER SET utf8mb4 COLLATE utf8mb4_0900_ai_ci DEFAULT NULL,
    `thumb_num` int DEFAULT NULL,
    `favour_num` int DEFAULT NULL,
    `user_id` bigint DEFAULT NULL,
    `create_time` datetime DEFAULT NULL,
    `update_time` datetime DEFAULT NULL,
    `is_delete` int DEFAULT '0',
    PRIMARY KEY (`id`) USING BTREE
    ) ENGINE=InnoDB AUTO_INCREMENT=1732346680676282383 DEFAULT CHARSET=utf8mb4 COLLATE=utf8mb4_0900_ai_ci ROW_FORMAT=DYNAMIC;

-- 数据导出被取消选择。

-- 导出  表 txing_oj_ad.tx_oj_question_comment 结构
CREATE TABLE IF NOT EXISTS `tx_oj_question_comment` (
                                                        `id` bigint NOT NULL AUTO_INCREMENT,
                                                        `content` varchar(255) CHARACTER SET utf8mb4 COLLATE utf8mb4_0900_ai_ci DEFAULT NULL,
    `user_id` bigint DEFAULT NULL,
    `question_id` bigint DEFAULT NULL,
    `favour_num` int DEFAULT NULL,
    `create_time` datetime DEFAULT NULL,
    `update_time` datetime DEFAULT NULL,
    `is_delete` int DEFAULT '0',
    PRIMARY KEY (`id`) USING BTREE
    ) ENGINE=InnoDB AUTO_INCREMENT=1729817793152565255 DEFAULT CHARSET=utf8mb4 COLLATE=utf8mb4_0900_ai_ci ROW_FORMAT=DYNAMIC;

-- 数据导出被取消选择。

-- 导出  表 txing_oj_ad.tx_oj_question_favour 结构
CREATE TABLE IF NOT EXISTS `tx_oj_question_favour` (
                                                       `id` bigint NOT NULL AUTO_INCREMENT,
                                                       `question_id` bigint DEFAULT NULL,
                                                       `user_id` bigint DEFAULT NULL,
                                                       `create_time` datetime DEFAULT NULL,
                                                       `update_time` datetime DEFAULT NULL,
                                                       PRIMARY KEY (`id`) USING BTREE
    ) ENGINE=InnoDB AUTO_INCREMENT=1731975389490294806 DEFAULT CHARSET=utf8mb4 COLLATE=utf8mb4_0900_ai_ci ROW_FORMAT=DYNAMIC;

-- 数据导出被取消选择。

-- 导出  表 txing_oj_ad.tx_oj_question_submit 结构
CREATE TABLE IF NOT EXISTS `tx_oj_question_submit` (
                                                       `id` bigint NOT NULL AUTO_INCREMENT,
                                                       `language` varchar(255) CHARACTER SET utf8mb4 COLLATE utf8mb4_0900_ai_ci DEFAULT NULL,
    `code` varchar(5000) CHARACTER SET utf8mb4 COLLATE utf8mb4_0900_ai_ci DEFAULT NULL,
    `judge_info` varchar(5000) CHARACTER SET utf8mb4 COLLATE utf8mb4_0900_ai_ci DEFAULT NULL,
    `status` int DEFAULT NULL,
    `question_id` bigint DEFAULT NULL,
    `user_id` bigint DEFAULT NULL,
    `exceed_percent` float DEFAULT '-1',
    `create_time` datetime DEFAULT NULL,
    `update_time` datetime DEFAULT NULL,
    `is_delete` int DEFAULT '0',
    PRIMARY KEY (`id`) USING BTREE
    ) ENGINE=InnoDB AUTO_INCREMENT=1739507243428253773 DEFAULT CHARSET=utf8mb4 COLLATE=utf8mb4_0900_ai_ci ROW_FORMAT=DYNAMIC;

-- 数据导出被取消选择。

-- 导出  表 txing_oj_ad.tx_oj_room 结构
CREATE TABLE IF NOT EXISTS `tx_oj_room` (
                                            `id` bigint NOT NULL AUTO_INCREMENT,
                                            `type` int DEFAULT NULL,
                                            `hot_flag` tinyint DEFAULT NULL,
                                            `active_time` datetime DEFAULT NULL,
                                            `msg_id` bigint DEFAULT NULL,
                                            `ext_json` varchar(255) CHARACTER SET utf8mb4 COLLATE utf8mb4_0900_ai_ci DEFAULT NULL,
    `create_time` datetime DEFAULT NULL,
    `update_time` datetime DEFAULT NULL,
    `is_delete` int DEFAULT '0',
    `status` int DEFAULT '0',
    `remark` varchar(255) CHARACTER SET utf8mb4 COLLATE utf8mb4_0900_ai_ci DEFAULT NULL,
    PRIMARY KEY (`id`) USING BTREE
    ) ENGINE=InnoDB AUTO_INCREMENT=43 DEFAULT CHARSET=utf8mb4 COLLATE=utf8mb4_0900_ai_ci ROW_FORMAT=DYNAMIC;

-- 数据导出被取消选择。

-- 导出  表 txing_oj_ad.tx_oj_room_friend 结构
CREATE TABLE IF NOT EXISTS `tx_oj_room_friend` (
                                                   `id` bigint NOT NULL AUTO_INCREMENT,
                                                   `room_id` bigint DEFAULT NULL,
                                                   `user_id1` bigint DEFAULT NULL,
                                                   `user_id2` bigint DEFAULT NULL,
                                                   `status` int DEFAULT '0',
                                                   `create_time` datetime DEFAULT NULL,
                                                   `update_time` datetime DEFAULT NULL,
                                                   `is_delete` int DEFAULT '0',
                                                   PRIMARY KEY (`id`) USING BTREE
    ) ENGINE=InnoDB AUTO_INCREMENT=5 DEFAULT CHARSET=utf8mb4 COLLATE=utf8mb4_0900_ai_ci ROW_FORMAT=DYNAMIC;

-- 数据导出被取消选择。

-- 导出  表 txing_oj_ad.tx_oj_room_group 结构
CREATE TABLE IF NOT EXISTS `tx_oj_room_group` (
                                                  `id` bigint NOT NULL AUTO_INCREMENT,
                                                  `room_id` bigint DEFAULT NULL,
                                                  `name` varchar(255) CHARACTER SET utf8mb4 COLLATE utf8mb4_0900_ai_ci DEFAULT NULL,
    `avatar` varchar(255) CHARACTER SET utf8mb4 COLLATE utf8mb4_0900_ai_ci DEFAULT NULL,
    `ext_json` varchar(255) CHARACTER SET utf8mb4 COLLATE utf8mb4_0900_ai_ci DEFAULT NULL,
    `create_time` datetime DEFAULT NULL,
    `update_time` datetime DEFAULT NULL,
    `is_delete` int DEFAULT '0',
    PRIMARY KEY (`id`) USING BTREE
    ) ENGINE=InnoDB AUTO_INCREMENT=37 DEFAULT CHARSET=utf8mb4 COLLATE=utf8mb4_0900_ai_ci ROW_FORMAT=DYNAMIC;

-- 数据导出被取消选择。

-- 导出  表 txing_oj_ad.tx_oj_topic 结构
CREATE TABLE IF NOT EXISTS `tx_oj_topic` (
                                             `id` bigint NOT NULL AUTO_INCREMENT,
                                             `title` varchar(255) CHARACTER SET utf8mb4 COLLATE utf8mb4_0900_ai_ci DEFAULT NULL,
    `content` varchar(255) CHARACTER SET utf8mb4 COLLATE utf8mb4_0900_ai_ci DEFAULT NULL,
    `tags` varchar(255) CHARACTER SET utf8mb4 COLLATE utf8mb4_0900_ai_ci DEFAULT NULL,
    `thumb_num` int DEFAULT NULL,
    `favour_num` int DEFAULT NULL,
    `comment_num` int DEFAULT NULL,
    `user_id` bigint DEFAULT NULL,
    `create_time` datetime DEFAULT NULL,
    `update_time` datetime DEFAULT NULL,
    `is_delete` int DEFAULT '0',
    `imgs` json DEFAULT NULL,
    `status` int DEFAULT '0',
    `remark` varchar(255) CHARACTER SET utf8mb4 COLLATE utf8mb4_0900_ai_ci DEFAULT NULL,
    PRIMARY KEY (`id`) USING BTREE
    ) ENGINE=InnoDB AUTO_INCREMENT=15 DEFAULT CHARSET=utf8mb4 COLLATE=utf8mb4_0900_ai_ci ROW_FORMAT=DYNAMIC;

-- 数据导出被取消选择。

-- 导出  表 txing_oj_ad.tx_oj_topic_comment 结构
CREATE TABLE IF NOT EXISTS `tx_oj_topic_comment` (
                                                     `id` bigint NOT NULL AUTO_INCREMENT,
                                                     `content` varchar(255) CHARACTER SET utf8mb4 COLLATE utf8mb4_0900_ai_ci DEFAULT NULL,
    `user_id` bigint DEFAULT NULL,
    `reply_id` bigint DEFAULT NULL,
    `topic_id` bigint DEFAULT NULL,
    `favour_num` int DEFAULT NULL,
    `create_time` datetime DEFAULT NULL,
    `update_time` datetime DEFAULT NULL,
    `is_delete` int DEFAULT '0',
    PRIMARY KEY (`id`) USING BTREE
    ) ENGINE=InnoDB AUTO_INCREMENT=35 DEFAULT CHARSET=utf8mb4 COLLATE=utf8mb4_0900_ai_ci ROW_FORMAT=DYNAMIC;

-- 数据导出被取消选择。

-- 导出  表 txing_oj_ad.tx_oj_topic_favour 结构
CREATE TABLE IF NOT EXISTS `tx_oj_topic_favour` (
                                                    `id` bigint NOT NULL AUTO_INCREMENT,
                                                    `topic_id` bigint DEFAULT NULL,
                                                    `user_id` bigint DEFAULT NULL,
                                                    `create_time` datetime DEFAULT NULL,
                                                    `update_time` datetime DEFAULT NULL,
                                                    PRIMARY KEY (`id`) USING BTREE
    ) ENGINE=InnoDB AUTO_INCREMENT=12 DEFAULT CHARSET=utf8mb4 COLLATE=utf8mb4_0900_ai_ci ROW_FORMAT=DYNAMIC;

-- 数据导出被取消选择。

-- 导出  表 txing_oj_ad.tx_oj_topic_thumb 结构
CREATE TABLE IF NOT EXISTS `tx_oj_topic_thumb` (
                                                   `id` bigint NOT NULL AUTO_INCREMENT,
                                                   `topic_id` bigint DEFAULT NULL,
                                                   `user_id` bigint DEFAULT NULL,
                                                   `create_time` datetime DEFAULT NULL,
                                                   `update_time` datetime DEFAULT NULL,
                                                   PRIMARY KEY (`id`) USING BTREE
    ) ENGINE=InnoDB AUTO_INCREMENT=15 DEFAULT CHARSET=utf8mb4 COLLATE=utf8mb4_0900_ai_ci ROW_FORMAT=DYNAMIC;

-- 数据导出被取消选择。

-- 导出  表 txing_oj_ad.tx_oj_user 结构
CREATE TABLE IF NOT EXISTS `tx_oj_user` (
                                            `id` bigint NOT NULL AUTO_INCREMENT,
                                            `user_account` varchar(255) CHARACTER SET utf8mb4 COLLATE utf8mb4_0900_ai_ci DEFAULT NULL,
    `user_password` varchar(255) CHARACTER SET utf8mb4 COLLATE utf8mb4_0900_ai_ci DEFAULT NULL,
    `union_id` varchar(255) CHARACTER SET utf8mb4 COLLATE utf8mb4_0900_ai_ci DEFAULT NULL,
    `mp_open_id` varchar(255) CHARACTER SET utf8mb4 COLLATE utf8mb4_0900_ai_ci DEFAULT NULL,
    `user_name` varchar(255) CHARACTER SET utf8mb4 COLLATE utf8mb4_0900_ai_ci DEFAULT NULL,
    `user_avatar` varchar(255) CHARACTER SET utf8mb4 COLLATE utf8mb4_0900_ai_ci DEFAULT NULL,
    `user_profile` varchar(255) CHARACTER SET utf8mb4 COLLATE utf8mb4_0900_ai_ci DEFAULT NULL,
    `user_role` varchar(255) CHARACTER SET utf8mb4 COLLATE utf8mb4_0900_ai_ci DEFAULT NULL,
    `school` varchar(255) CHARACTER SET utf8mb4 COLLATE utf8mb4_0900_ai_ci DEFAULT NULL,
    `profession` varchar(255) CHARACTER SET utf8mb4 COLLATE utf8mb4_0900_ai_ci DEFAULT NULL,
    `work_experience` int DEFAULT NULL,
    `question_count` int DEFAULT NULL,
    `accepted_rate` float DEFAULT NULL,
    `person_sign` varchar(255) CHARACTER SET utf8mb4 COLLATE utf8mb4_0900_ai_ci DEFAULT NULL,
    `create_time` datetime DEFAULT NULL,
    `update_time` datetime DEFAULT NULL,
    `is_delete` int DEFAULT '0',
    `submit_count` int DEFAULT '0',
    `accepted_count` int DEFAULT NULL,
    `active_status` int DEFAULT NULL,
    `last_ops_time` datetime DEFAULT NULL,
    `match_score` int DEFAULT '0',
    `status` int DEFAULT '0',
    `remark` varchar(255) CHARACTER SET utf8mb4 COLLATE utf8mb4_0900_ai_ci NOT NULL DEFAULT '',
    PRIMARY KEY (`id`) USING BTREE
    ) ENGINE=InnoDB AUTO_INCREMENT=15 DEFAULT CHARSET=utf8mb4 COLLATE=utf8mb4_0900_ai_ci ROW_FORMAT=DYNAMIC;

-- 数据导出被取消选择。

-- 导出  表 txing_oj_ad.tx_oj_user_apply 结构
CREATE TABLE IF NOT EXISTS `tx_oj_user_apply` (
                                                  `id` bigint NOT NULL AUTO_INCREMENT,
                                                  `user_id` bigint DEFAULT NULL,
                                                  `type` int DEFAULT NULL,
                                                  `target_id` bigint DEFAULT NULL,
                                                  `msg` varchar(255) CHARACTER SET utf8mb4 COLLATE utf8mb4_0900_ai_ci DEFAULT NULL,
    `status` int DEFAULT NULL,
    `read_status` int DEFAULT NULL,
    `create_time` datetime DEFAULT NULL,
    `update_time` datetime DEFAULT NULL,
    `is_delete` int DEFAULT '0',
    PRIMARY KEY (`id`) USING BTREE
    ) ENGINE=InnoDB AUTO_INCREMENT=45 DEFAULT CHARSET=utf8mb4 COLLATE=utf8mb4_0900_ai_ci ROW_FORMAT=DYNAMIC;

-- 数据导出被取消选择。

-- 导出  表 txing_oj_ad.tx_oj_user_emoji 结构
CREATE TABLE IF NOT EXISTS `tx_oj_user_emoji` (
                                                  `id` bigint NOT NULL AUTO_INCREMENT,
                                                  `user_id` bigint DEFAULT NULL,
                                                  `emoji_url` varchar(255) CHARACTER SET utf8mb4 COLLATE utf8mb4_0900_ai_ci DEFAULT NULL,
    `create_time` datetime DEFAULT NULL,
    `update_time` datetime DEFAULT NULL,
    `is_delete` int DEFAULT '0',
    PRIMARY KEY (`id`) USING BTREE
    ) ENGINE=InnoDB DEFAULT CHARSET=utf8mb4 COLLATE=utf8mb4_0900_ai_ci ROW_FORMAT=DYNAMIC;

-- 数据导出被取消选择。

-- 导出  表 txing_oj_ad.tx_oj_user_friend 结构
CREATE TABLE IF NOT EXISTS `tx_oj_user_friend` (
                                                   `id` bigint NOT NULL AUTO_INCREMENT,
                                                   `user_id` bigint DEFAULT NULL,
                                                   `friend_id` bigint DEFAULT NULL,
                                                   `create_time` datetime DEFAULT NULL,
                                                   `update_time` datetime DEFAULT NULL,
                                                   `is_delete` int DEFAULT '0',
                                                   PRIMARY KEY (`id`) USING BTREE
    ) ENGINE=InnoDB AUTO_INCREMENT=51 DEFAULT CHARSET=utf8mb4 COLLATE=utf8mb4_0900_ai_ci ROW_FORMAT=DYNAMIC;




/*!40103 SET TIME_ZONE=IFNULL(@OLD_TIME_ZONE, 'system') */;
/*!40101 SET SQL_MODE=IFNULL(@OLD_SQL_MODE, '') */;
/*!40014 SET FOREIGN_KEY_CHECKS=IFNULL(@OLD_FOREIGN_KEY_CHECKS, 1) */;
/*!40101 SET CHARACTER_SET_CLIENT=@OLD_CHARACTER_SET_CLIENT */;
/*!40111 SET SQL_NOTES=IFNULL(@OLD_SQL_NOTES, 1) */;
